id,num_subscribed
13510808,1
54348307,16
26843925,8
61229165,3
56537036,7
46412550,92
24103955,4
31437799,2
16073984,1
95375,3
31265894,10
103112,1
70136888,3
50728083,5
98968353,7
10715625,4
68490908,6
9121793,5
58470445,4
79593332,2
91352659,4
54927372,5
66239221,2
61115298,14
32308975,26
45265668,6
74112398,1
31532242,2
69073586,5
3537897,7
77419290,20
27349846,13
42994480,3
21204267,3
61074966,3
43635180,5
104934308,3
48355711,5
59528939,7
72143650,6
68084961,6
28653356,32
2045835,3
24998725,3
26014686,15
29357172,1
54574999,4
52575439,40
49001846,2
97237654,6
38621667,7
92939514,2
75105422,1
56303235,11
55201874,5
63023063,4
56352143,11
29505587,24
19204851,3
69805112,2
26675494,11
41936673,3
62476812,14
37110136,21
16962742,3
57746951,5
40168800,6
45439252,5
41024380,6
48272837,18
92984236,1
88335389,1
56274451,8
57407340,1
88876142,1
16087142,3
22483047,1
28697851,1
85445581,7
3275901,3
60584746,4
3100799,5
25075124,1
66850183,4
80934977,21
37871256,3
34213457,1
35053000,18
65681761,6
59328286,5
76133545,1
29099337,43
58837224,3
38825724,50
54039580,19
49510336,7
46968712,3
25928259,7
32249407,2
58994311,23
87233612,4
91178102,8
83262164,5
81009643,2
20368778,9
70579419,2
18493221,2
80784252,1
100107990,5
26042733,1
11957682,4
15128965,3
15456874,1
23353167,23
79965077,2
58555490,1
13382955,6
29671982,2
54497020,3
3440852,8
50921979,26
52359325,34
86332536,4
80206329,3
31967805,25
45705057,1
20097254,3
40836580,2
28799098,9
8719856,4
45272354,5
68601932,8
85897602,5
47366596,3
54416774,3
26352791,1
27935774,76
15970912,2
72006380,4
27117888,6
33516603,5
32134289,30
26960275,6
36761653,2
71602161,8
75736475,2
38352243,4
66400485,6
47774859,1
71216510,36
60872524,3
82375616,21
44644362,5
26324626,2
90290615,8
13214332,10
34570692,6
34907953,2
871384,5
19703946,14
38573635,2
19081494,40
98501656,22
70850332,3
8695146,3
80862442,23
29045835,21
75204048,5
43566992,10
81214305,2
43491458,4
47528514,4
39029138,4
85816298,1
67054448,8
18313608,3
94104069,5
1387793,11
46328836,1
10314862,4
53907668,6
32774507,4
66366874,5
99714887,3
83987569,1
44877202,3
15391913,1
24830645,17
84512178,5
35321315,6
72837855,121
29806389,3
81572424,4
13132963,3
36774373,8
44816090,3
12051650,4
92591694,15
21295215,1
53434538,3
87066926,4
61360008,13
47014396,1
102749764,4
54566461,2
30581492,2
10294743,1
53086301,2
98317751,4
44869886,2
67512883,2
84032229,2
80912080,3
869329,5
24202746,9
72352591,2
13224106,4
55338230,4
43455906,10
44164386,3
2866537,2
8504476,4
89919678,23
59402802,29
50465703,5
52135158,15
61420198,4
48395668,1
57525776,6
54061315,4
54780108,4
61304357,2
67938530,3
33263293,11
27613076,3
47068523,22
95362824,8
21146148,2
34342710,2
22319481,4
39603387,3
46918108,7
19725173,4
45633708,5
36231999,2
7423773,3
104246403,2
37215801,9
37963568,4
71942171,1
40216763,2
37961966,5
2302951,2
45161935,2
22719462,8
250797,4
92205461,2
36044138,10
50442101,68
76336813,2
39296884,3
71073840,6
40217638,3
39751325,15
17757552,2
25552898,2
61821762,6
105621107,8
31541916,2
56824980,3
28575159,3
61914673,4
35312321,7
77555675,12
105059841,2
16980813,5
78941908,4
96347447,2
63988007,4
42304854,38
68921578,5
84512198,1
43370728,5
29828867,2
56562247,16
59308791,1
88982590,5
336520,2
44214195,14
32638132,30
50369965,7
67282822,2
41189499,15
46929068,5
68446666,6
68552662,6
55906242,3
14464698,1
25090691,6
18940718,4
47906729,5
19660839,3
38188552,13
103678182,20
41044598,1
32015169,2
2173462,3
75130633,16
69012834,1
23993813,3
14690618,5
8661162,1
37718095,8
51868603,3
22751425,2
58995881,4
57270378,14
16575514,6
89905613,2
44652799,3
18761092,2
62325114,3
7916004,4
18128893,3
12161821,3
7734156,4
7963285,2
100821131,1
78624968,8
75249094,3
50266796,9
13372242,2
50658019,8
33933404,3
47878167,6
79110893,19
32371445,2
57805201,1
57826110,9
12521579,3
2866516,3
60698793,3
106386784,5
82815845,1
55145319,4
641763,3
68965452,12
56519735,3
24834368,5
39877978,2
54004294,11
44326856,1
51724582,8
29693812,6
5191393,2
81351818,4
74053383,1
70812848,4
9177566,7
80849937,3
75874027,4
33847594,6
82690126,3
26060572,2
26066813,10
55634994,4
43620961,6
57307572,6
15458007,3
19636706,5
24592042,3
23783524,26
60486951,5
29107451,6
713180,4
88569914,1
62500062,3
54091504,16
55874820,2
55980130,7
84512187,4
51399713,4
63219311,8
96309247,3
67933478,5
62066018,3
107993081,2
95906,8
68895809,2
12532551,5
58323103,3
58105967,2
65148175,3
67376022,3
33841516,2
52888800,1
85694489,5
55430939,6
31263953,3
85801040,10
46388201,7
26250695,1
30944665,1
63964673,6
76546202,3
56084771,7
75407909,2
34142590,4
106135945,4
107616514,1
45933777,26
33471424,2
33836947,2
52773111,2
15571922,1
60383715,3
48071432,4
33674399,2
16622638,19
24372279,2
45355600,6
31428945,5
53073052,4
22897725,5
102965252,3
24109969,3
18438620,2
53137898,13
40969224,14
41867202,3
22905234,5
21152936,5
24808229,3
58134456,5
60866636,3
21239392,18
56114193,4
34615419,4
107417090,4
50928874,7
58837284,6
94710214,9
16230316,7
61815248,6
33029622,1
46828313,4
67315795,4
42960343,10
70340983,4
28536149,4
58430237,5
14314686,7
32468033,7
33971664,30
80327646,1
63391252,5
13707857,1
69177388,2
61040066,8
62411936,4
81122464,1
2033038,2
59298502,4
40739071,5
42992111,5
20146986,3
82922038,1
27949395,2
28671457,2
66871246,10
7833211,2
48893130,5
72459599,16
43053666,17
24889045,2
43518936,6
82722434,2
41033583,6
37113844,4
53056348,2
56618240,1
17826941,2
28895485,1
68681106,4
29183380,2
63385868,2
40929102,26
37973405,6
34555052,3
59342817,5
28414921,18
34540951,10
81190732,6
99709309,2
59096793,3
62709113,7
22850245,8
90994771,4
96650041,7
28984983,2
39839260,9
18437839,3
72728631,116
33585149,3
78101577,4
102506923,6
19098993,15
44390797,5
77114780,4
74655404,5
84081603,1
55419170,7
25897748,5
34275044,3
57736378,4
45653679,3
41018485,2
32336778,2
36756732,2
93450999,2
56011412,3
13853082,1
22587398,3
52391870,34
3534823,3
108265416,4
53125249,18
48426935,3
9181252,1
11947506,4
53202045,2
72172451,1
21050576,21
53357063,2
84291935,12
98972685,5
19985239,3
85817797,3
54795487,2
47367983,8
24339736,7
32661960,5
44354636,2
68219806,2
58821108,7
105041282,7
11699629,3
51145321,21
27696083,5
43683955,4
53761808,10
8671898,3
27103792,4
37817850,4
88336019,5
50547804,34
38653853,2
39004039,2
33882582,2
37300409,25
60707743,11
49479670,2
91853881,12
20787325,5
77999199,3
65314351,3
65535850,1
49295353,6
54467476,3
31929295,4
36019491,6
36708359,4
37025672,4
19052701,2
23913607,3
9954092,1
41847964,4
25951806,2
82582516,2
91990349,2
27438345,1
91953468,2
85819341,1
90864138,9
27336862,3
27205780,12
48074799,1
15967688,3
18146750,7
16570341,16
80319727,5
24523288,1
83481338,13
59621815,6
58257581,2
70654037,7
21911986,3
23878054,6
86982533,2
102430641,15
24924664,1
16468950,3
9265002,1
25731285,4
52573071,6
102032227,2
27795577,2
36135364,9
74497244,6
57608652,5
59356997,3
39662422,2
79730361,3
16575657,3
54075087,3
72349127,3
72848034,1
65196463,1
27391915,6
14986107,1
41233290,4
63312993,9
33360882,6
67788089,5
16355680,6
32436173,3
28086466,1
40313308,2
88992573,2
80852213,18
25612640,2
40070088,3
5015584,5
87468004,13
84267532,2
23285971,1
31621839,2
97081864,3
49035219,3
58807646,4
49903793,6
54036932,4
70459809,3
16382558,3
50070238,2
13662318,3
16899326,6
88247938,1
31386084,40
70150507,2
22490238,11
16036149,2
25537120,2
89658471,5
1001652,5
25817842,3
91990354,3
76916925,10
43958599,2
28351157,1
37457928,12
6257363,3
50479151,7
32940067,5
78587971,1
66094648,3
47999273,3
88406758,4
44223232,3
67064398,3
78525756,1
48996560,3
92048634,4
77957739,18
74380474,9
2447454,1
21736269,1
12431523,3
60778804,2
28989784,5
88888138,9
40746077,1
39756656,6
56840822,1
81951950,3
99703002,4
64105601,1
25166791,8
61375963,2
85464554,3
89922465,2
60768096,5
65944258,5
78357929,1
713375,3
27685566,3
26157892,5
15523410,34
45074620,9
25817634,1
16602284,3
63102687,5
24796075,4
86420108,2
47423331,3
55117299,5
72082720,8
47929282,5
20594344,9
61632725,6
54550273,47
57443047,6
16258597,1
68641347,8
62335336,2
42582448,6
23716942,4
67869746,3
34197353,7
90171198,21
2484915,2
18468137,3
22250818,5
4986087,1
36922830,4
8858691,7
62411923,2
52170689,3
26866735,3
3134632,5
12131506,4
716668,3
41472975,4
102351354,3
15914159,15
93700583,1
83967975,3
1529181,3
68328213,3
83448347,4
69229503,4
12610944,1
28936788,16
101494132,3
44214800,2
74542244,44
1462906,5
63300480,5
64551993,2
23837170,1
34471541,2
42583067,4
48772995,1
45193918,5
80148259,3
73301901,4
65781599,3
76256978,2
44005270,3
77262832,5
39184258,16
21273027,6
8190087,6
98549090,5
21679214,6
56049115,2
18789481,2
45371722,2
62637493,2
41580265,8
86051296,1
91634635,2
716631,9
46882971,5
39687063,2
1440864,3
46788634,2
62911156,4
104926065,3
58760990,5
27610235,2
96968846,4
14271018,3
55331494,3
80488111,1
25852973,7
19745943,3
16763615,3
7523453,1
65103313,2
99594804,11
22104026,2
75207867,6
24905420,1
73360569,2
67627791,9
23374155,3
34303738,2
5898075,9
6855784,1
47895127,3
19929008,9
27980563,5
38585430,3
15288481,5
70212017,1
99682287,3
33452729,2
8340358,2
77056722,3
33911214,2
24917777,3
27483164,3
54775219,7
20453765,7
52937630,8
71714774,2
25150240,2
31248767,2
25160081,3
72518014,1
251499,5
38405549,2
22906716,2
3367516,4
67160409,2
46500892,1
85658159,1
84150462,3
6379109,2
92576247,3
79967702,3
65161923,4
73937492,1
22464444,2
34349008,4
16785230,2
45723782,5
68175252,4
106471452,17
89750694,2
13342796,5
63948123,2
17213269,5
16816855,2
22295450,7
80422159,13
22533901,11
60479073,6
81721808,11
35501821,3
77190129,1
62117377,5
84420588,7
19002606,3
34371570,3
20296376,1
33054026,8
33533950,22
12646795,7
63092992,4
54491113,6
33863350,6
45436030,6
14794249,1
11665960,1
9369129,4
10449923,2
25356425,28
2277435,3
32189709,10
98980503,8
93265937,1
12794007,5
32866227,1
1563863,16
70938352,2
27872432,28
47104929,2
66161860,3
98925054,1
99480184,3
73918506,8
31332217,2
63894063,4
20819509,5
86864588,4
39770115,3
23129075,3
44224913,4
31822731,13
15100716,1
89534975,4
20671553,3
5588144,5
93851549,2
44541238,14
68909302,3
86298403,10
51456955,3
61677849,2
105004620,5
21491244,2
39979686,2
62322701,6
85816959,2
46124860,3
5616426,1
103342923,5
33630502,1
75264098,12
45808555,1
65732790,5
26268571,2
67034155,1
47515082,1
85345709,5
61007856,4
27035904,2
23556955,1
23467508,2
34527919,5
20211456,4
21257717,4
33934847,6
76571518,2
22824620,2
84803756,2
17632629,3
72417909,8
23336998,4
4996182,11
88821259,2
25735586,5
11130110,3
12923706,3
45400289,1
10649539,1
95975263,9
45049019,4
42871275,7
34533746,7
39066713,6
26080183,2
91908218,1
30097629,3
73823363,5
96492254,5
66473871,1
42114396,3
97766490,2
31249467,16
88800641,7
51186745,5
22231016,4
31492103,8
67017084,2
23261851,6
40849981,2
77828951,5
12236287,2
91290086,3
91250602,1
34715768,14
7437031,3
24441764,1
18112222,7
20447331,4
54069519,3
34052720,2
3499162,1
64563974,3
8543508,1
25384536,2
28385369,5
43472806,3
88917898,13
1846097,3
77549089,4
1937103,1
37554896,2
6108278,4
11586582,1
2059604,1
84539102,5
21848971,3
22980615,3
41787383,9
58486615,8
75235520,1
30792166,2
60363420,1
79338531,2
101308295,5
79856108,3
47990892,3
42438598,3
67288442,3
53638945,8
78458864,18
18507620,1
40839655,22
31491794,4
16105817,3
49590141,6
56488258,3
64187233,4
32909027,1
58837405,11
79184213,6
55534971,2
67383688,1
16934109,6
641765,4
5639998,2
31952749,2
47225456,4
16314603,4
61792709,1
12575590,1
14489720,5
71511503,14
38862087,2
2488170,2
67815209,3
100214973,4
92221715,4
47830511,5
29464063,1
82012812,9
56149788,5
47631235,16
95051085,3
2866522,4
21604467,16
68367786,1
67507320,4
58032651,3
28475113,3
12918384,5
57906651,2
45468938,1
1311872,4
9152057,4
37812287,2
91501801,2
30583242,31
42017756,2
28328376,3
57346602,1
61800445,9
55660393,2
21690463,1
36750850,1
44894407,3
109615610,1
43390729,2
76747423,3
58837822,8
27702013,2
91867837,4
27548337,2
42187643,3
66189436,1
59023257,4
87635801,4
69165320,2
52992162,4
46638524,1
10764713,4
70235390,2
1603387,2
18373908,3
251863,3
45137493,4
71438106,4
33885827,15
7477985,6
30424338,1
46330250,5
47345468,3
92319607,7
3256816,1
40998996,10
37458248,26
87259719,1
5209320,9
22733383,1
96892322,2
43819523,4
29003346,1
15394324,1
36542199,2
57070424,2
102295958,2
8345003,1
1835034,3
48491453,2
61710397,5
72357378,17
67723827,5
85497164,3
27115245,14
46544049,5
49388333,2
67180045,1
82415096,7
337410,3
7686312,1
67969217,6
2945046,2
70153914,3
68905999,3
25928646,11
8053433,1
18950596,2
14770562,3
37599729,2
44110499,5
51108607,7
48435309,8
92940816,6
45673496,3
89942476,4
82439382,6
80842736,4
57787886,7
41365214,3
9428552,2
713325,2
65050117,1
56536760,10
12870077,1
40694997,1
28129184,16
44098236,5
28682556,4
64806211,2
27702263,5
29908323,4
2819331,2
23818164,3
72128692,4
28690068,1
54991979,2
33758960,1
69505584,3
97652025,1
23330949,2
6374669,1
55446593,9
86496821,12
106387537,2
25025652,1
15917411,1
43041807,5
6860439,2
14227706,4
791797,3
48018253,1
71764454,1
21024134,3
59142220,1
63265218,4
52673490,6
84899923,4
43881628,4
27346018,2
23391054,2
47894658,7
23401169,1
61938457,3
10592480,5
61863779,3
14885632,2
21226494,3
44375172,3
60579370,1
15460142,1
58548593,6
69120221,3
86481801,6
74113050,1
52691023,3
10475033,3
90577880,2
62571280,3
62422280,1
55133344,15
57212643,4
85964298,3
868188,1
21596461,3
60624231,1
62411945,1
21761887,2
76258346,10
23369691,4
94765999,4
23142494,1
61032138,7
44961464,20
59030742,5
61535686,4
10324287,4
80523738,20
46981,2
1622771,2
66268858,1
42617766,4
11277746,1
96711644,4
31730622,2
15505290,2
37478356,2
60141470,6
87623775,5
32348506,1
89285942,2
24677180,2
25911614,2
19585646,5
63232336,2
61661256,4
17563302,2
9221408,1
8287489,2
49877198,4
37170050,1
97732323,3
3055719,1
24590638,17
84577586,2
8826932,4
12576556,3
28397012,1
45566954,2
11944850,1
62816799,1
64086122,2
15893161,2
47439993,1
64884429,3
34514044,5
33349982,7
84930089,14
27251087,1
22151413,1
81978951,4
51625624,6
81385417,4
53806334,2
20561399,2
80437595,9
107667705,2
26963056,2
3152318,3
39507662,4
98947662,1
12193553,1
41986560,2
61738234,4
9612,3
22472649,2
61690835,14
791368,2
94802034,7
81953533,3
22765271,7
18104633,1
54508631,1
61192811,6
74340740,4
41228741,4
20783943,10
75232270,5
57212227,1
85647017,1
20911020,2
20997262,4
21568267,2
31815879,1
17032898,10
2872206,5
24310749,3
103099106,2
26635799,4
28508209,2
61866638,3
58569920,2
58237404,3
47683867,10
47566347,2
35861134,2
33072128,1
25535080,4
46916,1
71328340,4
61325675,1
51473857,6
27872292,2
66852418,4
20984812,6
52557757,3
34318973,2
37956419,2
52287764,1
42846368,2
3098214,3
37382675,3
89299146,1
2372212,1
22875978,4
42267277,2
26457485,3
35184416,4
94936006,3
11425951,2
88313092,2
249280,7
20012222,1
28825634,3
85861744,2
43499528,39
93183633,3
53255907,3
21129483,1
16228600,1
66845379,2
32627366,6
78179949,3
17189693,6
56211255,1
24878342,3
63419007,5
29983994,1
20678446,1
39597630,1
70546395,4
19967632,16
80749419,2
49864670,6
15115346,2
27424633,2
85542241,1
46037638,2
7577725,1
85792826,3
35871994,1
33902528,1
8743703,8
63369244,1
21225053,1
107673939,2
67366573,2
43248314,8
44321657,5
66697390,1
42427306,2
79206369,5
8732739,2
17900242,1
23378069,7
41885471,19
32619601,1
61554171,3
86617482,3
95124708,4
91427735,5
46843510,2
15408310,4
32571821,2
21187376,2
68746674,1
62620502,16
22727650,4
71714031,2
15845361,5
791420,1
48457394,2
12620631,6
5770296,1
5906347,2
31231366,4
59660741,6
791462,6
65933906,8
40231718,18
80960812,3
27127848,6
16376341,4
29376961,7
37927309,7
249874,4
55770120,3
65660937,2
34196555,2
46642435,3
96437722,2
97195146,2
92672147,9
50282838,7
79504614,2
19831390,5
48407992,1
91990339,3
7267845,2
16952798,3
46526494,1
80468382,4
27850353,2
87520412,3
31534461,1
56327791,5
40673915,1
10089178,2
1876571,1
39994470,2
2187128,1
56955060,8
51861284,3
76540761,4
63144751,2
71852721,1
85818534,2
87749872,3
50858618,1
26492848,1
31506879,2
63423460,1
23044408,2
57766914,1
1474777,1
31899381,5
51208737,7
70092732,6
53814143,3
82261183,5
21995274,16
20675610,8
10258893,2
19840759,5
17607610,2
37367445,2
26809557,2
26489170,2
90199900,5
15513105,3
867969,2
107452406,1
87980510,3
69288664,1
94683969,2
49560904,1
17381911,5
79705449,2
85446240,5
108367420,2
27616969,3
45273461,5
46752253,3
2866523,3
19303254,3
30145429,1
91985669,9
28925069,4
48666553,4
37906050,6
91595057,5
85446741,6
39859180,5
50945870,3
28114272,4
94661908,4
67981256,3
53077934,6
46558146,6
84129427,3
15566563,2
185935,1
30526028,1
36295439,6
85893366,5
65427024,8
30504894,2
49094635,2
7066186,1
81555009,3
29760081,1
10554159,3
44701978,1
23918021,16
46099471,2
43211625,2
20666841,13
79757934,2
96286172,8
12373172,3
69651958,2
50005353,1
95475435,14
19819807,2
30172511,4
51951976,1
40685035,1
24049769,2
81533646,22
87378418,2
41590546,2
16894049,3
64707921,7
59214557,1
23475909,1
8916768,8
26173655,1
32501301,2
25433361,2
23219333,1
61690920,16
67432207,9
50844423,5
66113812,11
32623733,5
70188096,2
79776632,2
43952946,2
32674678,2
63423981,5
27399787,3
38192642,27
102171772,5
64150701,2
46027257,3
102749235,4
50725936,1
15426888,6
47872717,3
51379167,1
35132198,4
44501825,15
13202960,3
74906768,3
86435895,1
19438856,2
713347,5
86194308,3
45141411,4
36506095,3
23713134,4
64151080,2
67357429,1
60595983,2
54683397,4
65733642,1
53476212,1
52041960,3
30245926,3
77739260,4
641955,4
34805964,1
62833262,1
10743566,4
7006038,6
1536800,1
791486,3
52035717,3
48659122,2
64003096,4
19060999,3
45470188,3
61023727,3
22767939,6
13657274,1
44353669,2
5196884,2
62421423,5
17905719,7
17840375,15
56107656,2
70731700,6
70351431,4
2820319,2
42370947,3
51103042,2
87410598,1
50125031,11
85933628,1
61129528,2
46979654,1
8503397,1
94926246,13
69223684,3
60527573,3
53000104,9
88969903,3
58233371,3
40465176,5
33173675,1
82783735,1
80487194,1
26022699,2
58554603,2
52381126,5
56981724,2
54049130,1
56587847,12
21356492,2
47098622,2
54951318,15
80321342,3
37796069,6
7236484,1
84791354,2
42280815,2
21411265,11
40405668,17
67998759,2
18501554,3
40208108,3
75225650,3
11469200,2
43642567,3
12716354,1
108261489,1
42525585,2
33085953,2
13772831,1
88992358,2
26351179,6
1376224,2
46567748,3
22802255,1
70458914,3
14383321,3
10387911,2
58734446,5
19352181,2
69468656,13
68443627,2
84705816,3
85640255,1
83391981,1
38272549,3
29925500,1
91404684,3
16231047,1
2593000,3
32230287,4
85069369,3
16378425,1
12861181,2
85418483,3
33919588,1
34980320,5
59639397,4
62411919,1
95148312,7
47814309,7
26194725,1
54893275,7
2641850,4
48303937,1
100809062,11
250598,1
21878610,4
87942835,2
69534716,1
31746235,1
97047815,4
1607256,2
57836521,6
63645442,1
25138899,3
73628942,5
3066307,2
2296560,5
32915272,5
53877867,4
89745264,14
26995405,1
76359101,2
19604901,1
29042173,2
29431836,4
37307091,4
34375154,4
17791155,2
105806256,1
20592628,3
99795759,2
3145788,8
101760403,2
23000038,2
19363061,14
94089542,14
1789701,2
33242990,1
90829791,4
26123085,4
713578,5
107170141,1
35468905,2
26502151,1
3524202,2
17025409,1
35955301,1
68224793,3
6748742,2
85481243,3
68698255,3
38050088,4
83275406,2
49853933,2
36839291,10
71549682,1
16169233,1
88993085,5
64631001,3
80058587,1
57108556,3
21487079,1
12107036,2
67636648,5
47654802,3
2866520,4
93878127,3
16833337,1
27749894,5
82025148,3
64660511,3
15591220,2
253339,5
6039577,3
61808096,1
82985537,19
79821025,2
69476901,2
9041785,6
19787979,2
44535110,3
65999348,2
48844803,3
69342220,3
43976569,1
6868800,1
58341861,2
1176654,5
11759887,2
60288887,5
75905958,4
37928854,2
29105812,10
31556768,2
81929510,3
85653680,6
2242533,3
52075392,2
40536784,2
44821649,3
76419102,2
21574424,2
56964886,4
51411908,1
27111427,2
54705537,3
60680114,3
78899073,3
74059419,1
23550418,2
39335607,4
70594419,6
98614675,5
84801399,3
80101839,2
90195698,6
641774,5
25061783,13
47535316,5
102524675,1
101436185,6
79716916,2
4889141,4
87070224,2
1443657,16
23591906,16
19528692,3
86772856,2
65230367,7
26139337,1
75642299,3
42610159,2
3261184,3
27378636,3
30922802,3
24360254,4
51100898,1
22775650,3
37863118,3
25074830,4
61088811,3
18839727,2
33172047,1
65662231,3
791439,3
33865273,2
17900477,1
59281122,3
34321932,4
19776040,2
66134839,5
71359106,2
18778992,1
102976524,5
95098883,3
15634802,3
63416590,2
19534049,5
12776940,1
29335121,12
56443480,5
51838905,2
43408260,3
1798138,2
25683315,1
65770172,3
42803912,2
44297946,18
69098724,2
6870832,5
69651898,3
49965590,23
16317504,10
93144814,9
19826322,4
72827940,3
28131878,2
64097785,2
1086850,1
7463343,2
18681511,4
32589921,2
93010993,2
59476201,3
2364755,1
81831379,6
34163566,1
33090983,6
32946433,2
14475534,2
21140707,4
47546783,7
17334031,8
97325160,6
48921665,4
12385662,1
42788852,2
12359188,6
66424243,1
42494983,3
86546589,4
56824442,3
56926588,2
44859144,3
67780814,9
29132642,6
63409892,2
105203993,4
60682366,3
23931441,16
43954351,1
19207988,4
33181127,5
64180320,4
76371459,3
81682935,1
3377562,1
32740670,2
35372192,2
41773197,2
37584882,5
44529444,3
82918288,1
21678767,7
9888301,2
51880852,1
5975893,2
21175758,4
38363386,2
45640453,2
103126608,5
15437679,5
26685186,4
641552,5
99058942,4
57495876,8
37163390,5
17621560,5
43343929,2
10334475,2
80687905,7
23322603,1
92933352,2
9335135,4
64776994,1
104208153,2
60028,2
76317197,3
62322977,2
40972697,2
55098916,3
23802107,2
57781070,3
53521507,1
74111613,4
13894098,4
44209358,3
56796997,6
641767,2
35341835,3
67699077,5
64129725,6
104230152,4
46726172,5
42892730,6
90201899,4
1313599,5
38457612,4
45346554,4
50609360,4
62469283,4
100531114,5
5766491,1
10322193,1
52484172,2
33163400,2
23337950,4
108107578,1
11157375,1
20918463,2
29764168,2
23927322,1
869574,2
6027026,2
22602878,3
64612831,1
76510088,3
87102474,7
9748216,2
34573675,11
54624486,2
61997482,6
27729486,1
52407912,1
77406609,3
59158538,5
52524723,5
56204621,3
27808798,1
33650559,3
80507574,2
64367382,1
97003968,2
93473020,13
334612,3
74849798,16
25652043,2
75164,2
15194640,4
35444524,4
21975830,5
59218076,1
65580498,1
45589529,3
100606475,2
24935730,2
96055494,1
34485245,3
24952185,1
32990758,12
6818449,2
60187973,4
18376,5
59816482,4
17974667,3
72635767,1
92750402,1
25593244,3
19516952,1
10647396,2
22620881,2
23343460,1
44436420,4
22653661,2
35979648,4
82050337,1
32475356,2
47697837,7
5518816,2
37511737,14
26392656,5
59828986,1
28636364,6
53553128,3
3438100,1
34929909,2
22079921,4
64061270,5
41646838,2
84881173,2
23001870,3
2456070,2
49981215,8
33705369,1
51787220,6
26100200,3
86905259,5
66573633,4
2872125,1
106805903,3
69358723,2
72257607,3
50486307,12
49882501,2
35192243,1
59855268,1
8665957,3
78251269,6
66313690,4
47203021,6
34358419,3
67472175,2
82986168,3
41156049,4
26851287,5
1513521,2
79045990,3
791378,5
52163248,4
76365293,3
64449295,4
59747246,8
20853916,1
35492021,1
13129134,2
77909294,4
9673398,5
23324610,2
45055992,4
20675913,4
47583032,3
58808215,2
45121494,1
48634504,3
50848242,3
37542830,3
12489892,3
23145442,2
83763033,1
64540488,2
9519691,3
18436283,1
21262844,1
30982977,1
67061833,5
21871123,6
6208954,2
13423666,4
66153007,2
78442593,2
71761117,2
75500483,2
24521770,2
46084422,4
45265050,2
99638765,4
791670,2
21162187,2
2872237,8
2403868,8
5644308,3
16599300,4
56277606,1
9235425,2
50183453,7
78672895,3
83714326,2
71933792,2
33769090,8
62411823,2
30009160,1
991977,2
19355801,3
27547991,2
45935469,3
48614295,5
23366455,2
45601568,2
36839557,11
30810363,4
58751549,6
92523946,2
26729431,3
30392044,1
42987269,1
41311535,10
11557740,3
28266974,4
39684976,1
69576389,4
70180749,1
69812520,2
97278465,1
28218156,1
54297269,6
1193707,4
80243228,4
96711540,4
56412089,3
26066120,3
53670842,7
21574397,13
22854616,5
50155971,6
38243765,5
84081122,1
59791217,3
61910118,10
43497079,6
15194740,4
82537854,10
44552131,3
8026327,1
32055272,2
64268743,6
53748573,1
41582052,3
86083959,2
41324488,18
25840660,1
58651001,4
337035,2
641856,4
107110627,2
78284461,6
27542513,1
97211450,3
99638169,7
46751891,1
10838544,1
27993796,2
90914152,5
2740326,3
68289696,6
16111103,2
82255068,1
86608064,4
714608,2
29289101,3
59430643,1
79482949,1
23927163,8
7409767,6
78661250,4
29054938,2
50649057,9
49792623,6
26369286,5
2667799,3
4880669,1
75143184,5
63896191,7
25081088,1
83019081,3
40391196,3
641816,2
22134335,9
29261165,3
68539739,4
25852576,2
51547449,2
791876,2
24063029,3
43291791,7
103295233,2
66400511,1
15194667,5
79759931,2
19150755,1
26967873,3
39493850,2
2820323,3
69164178,6
54791729,1
84454139,2
62278227,3
61203867,3
79495967,2
2872200,3
21538025,4
87850926,2
90688977,6
23776882,6
6327334,2
60136989,10
7591169,3
16577797,4
7434072,5
57417460,6
84404782,1
14152608,3
48143508,6
54772467,1
6748103,1
60441126,3
23970188,2
66536757,15
100223963,10
74284290,2
95744156,1
66028304,2
43714813,3
18683931,5
69679216,4
26095886,8
68358884,1
36522635,13
1937076,4
17316825,4
58137572,4
7563385,2
65456429,6
42815367,4
86545810,3
56411961,2
33623245,1
9193424,2
29029617,2
98238655,2
58124805,3
97222556,2
56517265,3
63454499,1
76295264,1
12338307,1
11966393,5
43998329,10
25891235,2
8055376,2
28995524,4
32334992,2
43605569,1
88581535,3
40863637,5
105815802,2
57841216,1
16932634,4
54903083,3
1165728,3
48609080,3
23944732,3
2820275,1
32790874,1
71118771,2
24826626,4
97723596,1
75578274,10
39555534,2
3503733,1
26814069,1
99241362,1
29890596,4
50789506,5
44218986,1
40032592,3
713253,1
713337,4
18974460,3
94115588,5
27904620,4
713587,4
15126158,1
791866,4
13286119,2
57250701,1
30960549,7
62338565,4
50617934,2
67237757,2
34999844,2
17378551,1
33840699,1
13047176,2
90673418,1
66457851,3
57496895,3
33690014,3
642139,3
14882587,3
24238179,2
72838677,4
48251565,2
81538308,3
56496020,3
63420673,9
99295296,1
24552360,2
24159801,6
65596274,3
32679768,4
89091385,10
75975975,1
29468481,1
10925499,4
21783805,3
27319491,3
56415367,1
60974292,5
51163071,2
38236964,1
51586207,1
57311817,2
99875327,2
30275722,1
41367527,4
29302716,3
10519466,1
18300800,1
88332695,2
61909392,1
251675,4
42991779,1
46548651,1
29782670,4
192176,3
51506462,13
25263357,1
80146083,2
16558778,2
33263792,5
14749329,3
100067607,8
8666439,2
62532191,2
86013377,5
28944382,1
59410411,2
37925116,7
8646347,3
59266588,1
9902327,2
52631128,3
56086774,1
90194565,5
17372891,3
27621796,3
63829782,1
20849314,1
45831932,1
66581380,5
2547202,10
336575,2
47136511,2
8695422,3
17797593,1
45195429,2
38432781,4
99207166,3
56599506,1
67141836,5
29681373,2
5452541,3
32892621,2
26054855,3
89779031,1
23311309,4
38646271,2
76040945,2
47267455,2
84883485,2
40778209,2
74733835,2
23056081,3
54170193,3
32393445,3
26329272,1
99576409,5
35900606,1
41819745,5
25279908,3
39332465,2
37918748,3
61108161,1
29184433,2
45615,4
91889968,1
12134135,5
11014470,1
48691363,9
57761486,3
74880394,1
49562527,1
17510227,2
6696521,3
72060856,1
59093765,2
13048789,5
867971,2
791963,1
22207725,5
2866521,2
58585305,2
24643190,4
30234110,4
21298219,1
6149288,3
12888896,2
60501235,7
716659,1
103664578,2
15121634,1
27078732,2
60600298,3
95648740,2
29505009,1
25519755,1
91007642,6
70201773,3
52521139,2
25448181,1
28194500,2
69641014,1
79514089,1
22074379,4
49393185,2
22069426,5
14567839,2
49107672,4
28425193,2
105068871,1
80995194,1
1607233,2
62700583,1
7404758,4
34063270,1
24768334,4
14270743,1
58030134,2
63885179,3
22571074,1
74510805,3
33890273,7
43616713,2
86992339,1
13825105,3
22167591,4
49450245,3
27918369,1
49664589,3
38115264,3
38390631,1
73120071,2
45266955,1
80224667,3
44284202,1
13727619,4
82471227,1
60836301,2
33657349,1
25969036,1
3498153,5
91521968,1
2638510,4
40010416,4
61441837,3
642253,2
95813962,1
99323468,3
4892549,1
80358458,1
75203890,3
57113172,3
59745049,3
29934632,7
69087253,6
75489857,8
40380032,1
40316868,2
58215079,3
75394665,6
10730336,1
2465579,1
90974236,3
84824979,1
86402591,3
17040800,1
34697562,5
86820127,4
64861672,3
791611,2
54743756,2
17045375,1
85026260,2
45036059,2
53405352,3
66065193,3
36354841,2
21794751,3
43574683,1
38295988,4
28541569,4
54222589,2
16849066,1
36396119,3
96437647,1
68281969,3
69636352,15
249635,1
37233708,3
42120761,1
40465655,2
1808541,1
42671648,1
36691197,9
53474291,9
21853572,2
23036243,3
81005103,3
22592185,1
14665206,3
74279182,1
28466245,3
43586388,1
74280297,1
37209004,3
17433252,2
57040543,2
31264338,3
56278062,3
88368721,1
51309736,2
70060883,5
81950602,5
44728777,5
85303738,3
92251566,1
50207699,2
75129001,3
53082213,1
14720228,3
54056038,4
23324764,1
55925946,3
28802415,3
77620901,3
23275711,2
79721373,1
57352605,1
75251133,13
43038283,4
20803492,3
54519265,1
91716348,4
13497712,2
2325615,1
75668819,3
56713022,2
75208481,2
16363128,2
36212328,2
49654216,2
57090968,1
84694964,4
37954087,2
58159418,6
39168156,1
41384208,5
73375392,4
59739225,2
19622096,3
6514939,2
104633141,1
47978842,6
2638513,2
86856858,4
69141030,1
46115974,1
8898712,7
53069155,2
59431633,2
72729537,4
42959089,1
57243596,2
39320507,3
65536173,3
67889244,1
88695203,6
94924102,4
58574564,1
19248050,1
84259356,2
55049063,6
10705721,2
66560722,2
12258921,2
71249126,2
15431587,4
21407218,2
37541533,2
89868271,1
71889950,7
59866010,2
81911325,1
25509129,2
19184616,3
23316523,1
22845888,2
15041929,2
56750918,3
26200360,1
85437932,1
47276575,2
39948423,1
33053904,6
25286798,1
74733425,2
51051736,5
61836020,2
48112500,3
39750910,3
67792613,5
40358600,1
6145647,2
791732,3
1427138,8
30106018,3
99702383,1
6042982,3
71330021,3
28862849,3
28804695,4
641688,1
85562147,3
42688653,3
13062212,2
83979942,2
17153280,4
34199736,16
94105278,1
38083746,2
44784154,3
31278438,1
25913685,2
22730045,5
16343781,1
99871894,6
57709052,4
61347785,2
71489263,2
13705892,3
57776688,9
26515927,1
38953951,1
27375230,1
65677761,1
12547477,1
61142519,3
48744169,1
249914,1
47058,3
63077955,2
64815173,3
24710923,3
66234203,2
1449857,2
49963198,3
22094151,3
5689296,2
22751894,3
251931,4
9990225,1
39767306,1
25190033,3
85632466,1
1895043,1
66629482,2
31365980,1
62770892,3
52227440,4
77963401,3
62079602,1
31380343,1
53486171,3
12428425,1
9531511,3
2364476,2
93175160,2
20108318,1
17701004,5
68557670,6
19639074,2
26111618,1
59750870,2
22977553,1
20233479,1
51092631,9
1676525,1
42936464,2
25291734,4
13746314,2
21139688,1
63037770,1
97940119,1
81502794,3
57116811,3
39180128,1
65118847,1
6435096,2
5370894,3
46313518,2
36945452,2
54815594,3
64641458,1
67395486,1
24685881,4
107347410,1
33155051,1
78698045,2
17348747,3
22314239,2
60581296,17
60522554,2
90382011,4
5752135,4
2866518,2
62629232,1
47227499,2
20814632,3
81337428,2
791490,3
73946301,3
58719218,3
5973781,4
11569697,2
96062094,1
48020828,2
61965781,1
47879648,8
27183562,1
64593666,4
19818320,3
15791,6
39401241,3
17754902,4
82921960,1
8743022,2
185292,3
48598792,4
5640022,2
20911894,1
2638482,2
11032872,4
103501996,5
31253984,1
36346965,1
68552932,3
25724567,2
41318918,1
37833195,3
37479277,6
56699957,1
1489239,1
68609405,2
43678088,1
50510708,1
6859369,4
97637709,1
81844216,3
63837491,1
15424263,7
25918694,1
28849746,1
60251327,3
71570463,3
92653328,2
82736921,2
48239773,1
84903057,1
85009573,4
713738,2
20630885,1
56897761,1
22364118,2
54115024,7
37583133,3
13853898,3
1339972,3
66384372,2
81545942,2
36656569,2
16249896,5
91985100,9
16264518,3
23104143,1
10850410,1
62536910,2
58306707,1
17218217,1
52462358,3
83462746,3
15195724,3
68456330,3
62296169,1
23082975,1
57608683,1
103164141,2
19097189,3
22541847,4
38920867,3
66398358,2
14471081,2
37975876,2
6644489,3
5935102,3
27293201,1
26218477,3
61743620,1
19833788,2
16713794,2
1003247,1
48383841,1
41942991,1
44573103,2
31096730,1
45066096,6
42775855,1
19779111,1
18858623,2
100221245,2
42968100,1
30724206,2
35772071,1
42801909,3
45944361,3
59176898,2
60598722,3
69733412,3
29740163,3
25153078,3
35442058,4
41358693,2
18758960,4
53512016,2
105364302,2
69588070,3
35523778,2
11942613,1
58794806,2
53584923,4
67619097,1
15455255,3
22152231,1
12856141,1
67340317,2
54429774,3
9416596,2
25313122,3
12024118,2
49919856,8
25148373,2
64718945,3
2780950,3
93953305,4
50785899,2
29747415,1
19096600,1
24532449,1
5562073,3
80041334,1
3129775,2
87363395,5
19693431,1
29225641,5
23703542,2
87506572,1
21252966,1
23282293,2
61184600,2
3466922,3
56420131,2
51646750,4
27422450,3
20442650,7
78925214,5
64406161,1
28515292,4
93232573,3
16560960,1
35554415,4
33196132,2
49992163,1
2667776,2
47385274,4
61851719,2
77087345,2
88607608,4
47031,3
31302767,2
31530363,2
11445967,2
28824300,1
52933309,1
25306917,2
52775193,2
67629104,7
100263827,1
77402917,2
19998145,1
26271071,3
15201597,2
37354698,1
26570454,2
56158990,2
78370888,4
55403448,1
66777695,2
48495561,2
84930801,1
23011784,2
89265578,3
14887779,2
6887989,5
51518368,1
53941056,2
78025344,1
22089196,3
55714302,1
91249779,5
77646515,3
67870962,1
60798493,1
108474904,2
54689087,5
82500822,3
37236949,2
41269306,2
36432922,2
12400372,1
61101697,3
107720680,1
34790878,3
34555617,2
99592572,1
63489975,2
50850788,1
51036458,4
4995659,2
82990587,3
38619344,3
21585709,2
21070790,1
56728048,2
791869,1
10678009,2
90199537,9
2866519,4
36476219,2
10832299,2
53977160,4
1001825,2
85773616,6
39064534,1
34514233,3
46033150,1
53090149,2
87067892,2
49464634,1
83737919,3
36015922,1
1870976,5
100286463,3
36839692,9
32226839,6
85494270,1
2352621,6
3069910,1
26994824,1
50350139,1
8635455,1
84516422,2
23606677,6
19551149,2
96395891,4
1158909,1
32663311,1
61046560,6
82096133,1
59287176,2
27171660,1
66545313,2
641973,1
35360880,2
39291949,2
26889191,2
31771869,9
66926907,2
29715750,1
6126822,4
50805081,6
24411579,4
72063396,2
24175063,3
20702014,3
27970664,1
16338696,2
59706557,4
2819401,1
58662253,2
32104102,2
54479040,4
11998691,1
62069376,3
33713751,1
72955291,3
45870500,4
48146541,2
48574080,5
18237841,5
1904910,1
79511851,3
67220333,3
90486822,2
76896636,1
12016218,5
32848681,3
67755474,5
89054847,3
45058799,2
54295228,3
34088645,3
20153456,1
20639665,3
53589450,1
19542870,1
15106936,3
25192157,2
15424862,2
94491469,2
30883602,2
2641841,2
3534511,1
106445696,1
63543726,3
12878342,1
14306366,2
29542024,1
53137857,1
34330330,1
38849694,1
74034272,2
15042326,2
56298600,3
99908222,4
21348769,2
51648140,1
21873646,1
57079171,1
8906190,6
28492927,2
27846851,3
87580022,1
94741959,5
18737573,1
16227505,1
791806,2
51770763,2
6705481,2
59193618,11
12903869,1
8817009,3
24299680,1
20899671,2
8622221,1
73279026,8
21025000,1
55574156,1
2033022,2
48671450,2
713358,7
59188000,2
21930711,3
5647552,3
66673845,1
83039114,3
9562956,1
20735836,3
14424123,1
49352263,10
46424067,5
39104365,2
92351434,1
61071789,3
47140,2
18147926,2
24201761,3
12540966,1
2989016,1
25870794,1
25526125,3
63625298,2
52795226,3
44714918,3
41007811,4
54308223,6
97755722,2
50011731,2
15184556,4
99692913,3
33008431,1
59765598,1
25928450,9
2872107,2
49318692,1
33804414,2
53301206,2
8028083,2
2521270,2
53628110,8
73817469,3
71755797,3
4884678,3
63109435,1
24258934,3
92707075,4
9233490,2
57055373,2
37222594,4
26900204,1
20580104,2
75212909,4
869143,1
16697151,5
103597426,2
9130317,1
33452910,2
18461134,2
108810545,2
52120121,1
69208964,1
68885644,3
64265317,2
34382412,1
64140173,1
27101418,2
9066104,1
94769619,9
20761078,2
67932345,1
44148607,1
21259948,1
46906442,1
10230729,3
65458156,1
39968195,1
94585098,2
2442457,4
36226039,2
65328820,5
50872326,2
1001743,1
19698021,1
34490781,6
55027162,2
30118086,1
85496993,1
52008791,1
13596240,5
15384540,1
18815158,4
51264782,11
27721870,1
46766054,3
48117186,4
43325161,3
40208633,3
24677505,3
27453705,2
4971312,7
45560359,5
16325908,5
63095807,5
69775591,1
73229293,1
7292911,2
48483390,3
36891699,1
41752078,1
50709200,5
48883107,4
95009721,3
25783433,1
70849407,1
16642746,4
56441188,2
92649612,1
35708095,2
74357158,1
17515737,3
55217902,1
42578101,3
18753089,6
47069544,5
16612477,1
72422009,3
21703576,6
641829,4
55219672,2
18875489,6
641977,2
79306054,3
36620896,1
32066387,1
66465507,4
35163488,1
18262225,4
15794569,2
19761388,6
84046493,1
37219819,3
64657410,3
108806288,1
75168596,1
15920405,2
50609315,4
19213247,4
42666645,4
1001817,2
9345358,2
10213674,1
34722769,3
36032492,2
65885610,3
106376149,3
7791593,2
66482240,4
77047427,3
94688066,3
36425446,1
48179018,4
25948512,2
91807033,1
10170459,1
58216267,2
16737790,1
35673024,3
57473060,2
33591761,2
21383443,2
27953439,3
95467388,2
37917737,4
21362088,2
35465364,4
40562779,3
23801443,5
91992583,2
69701294,2
88207184,1
77109536,1
66502311,1
20085787,1
43799110,2
42585404,3
250600,3
16484343,2
5802523,5
19788241,2
250796,8
66275,3
44969341,3
22283289,2
101728755,1
46953128,1
66250818,2
96870062,1
34631015,6
28819514,3
26173887,3
27388662,1
20894248,1
16916585,5
66060485,3
10729122,4
43304097,4
63433001,1
21221195,1
66403752,1
27192534,7
12738553,1
25856322,5
38868569,3
66597895,5
70062432,3
89295354,1
11922371,1
23031224,1
17663854,1
10836044,2
56132982,2
37554087,7
18478147,2
94636806,7
45136020,2
57838892,2
21874956,1
30273943,2
70214196,1
54299927,2
60904868,2
55850788,1
68168225,2
16622119,1
78520008,2
26629011,1
28522186,3
26688519,2
30205645,3
48192108,7
713910,1
43494312,4
12380218,2
95486280,1
641827,5
81213494,1
94802932,2
4991186,1
87773436,1
55167668,3
1397388,1
23975849,1
81611738,2
2872175,2
54730552,1
78104237,4
50825960,1
38800627,3
36502603,2
65816542,1
67771980,2
23856896,2
103044624,3
94812347,2
11525738,1
102149629,4
70486940,1
791465,4
40561203,7
95178014,3
3221502,6
82921972,5
24397343,1
791364,3
8577775,5
103258912,1
2476746,2
20115198,2
28567717,3
2820476,1
79362043,3
31233860,1
65498290,1
102566225,3
28628192,1
70018023,1
43031671,3
1068854,2
37724162,2
10871996,1
35713827,1
45792624,1
62153690,3
1403313,1
2173122,1
73231073,3
35867109,3
72484438,3
3021988,2
81913114,2
24779346,2
3003056,2
2326851,2
44408184,1
52218134,1
29219966,1
8052611,1
9136792,4
62141624,3
66775805,5
56314851,4
44198381,3
67477483,4
3458613,1
85445284,6
41945403,1
21258077,3
56732797,3
23703116,1
791426,1
28463162,4
71686659,3
14930490,1
5064379,2
713457,1
8898606,3
12127890,3
69139812,3
5175474,5
60755278,2
7707887,2
44884096,2
98715565,2
32341161,1
65713892,2
51624155,1
20763709,3
79047361,2
1338707,1
24701380,3
16232341,1
64358043,1
82695931,2
8113146,4
50844601,1
46237961,2
71812794,1
25302655,3
62235650,1
12853505,1
43542508,8
47715595,1
19510300,6
21174942,3
1512563,4
51847905,10
103270879,2
6073051,1
104181626,2
23841626,1
39448563,5
44987913,1
46525337,1
33305881,4
93783524,2
73935225,1
25520154,2
65598571,2
7300281,4
42603729,2
11375204,2
55081491,1
21977979,2
81474976,3
38699221,1
33626629,2
73126123,3
22855647,1
81821786,2
31478026,1
53887748,1
59829487,1
3094488,2
22513265,1
22322272,2
61443775,5
22578192,1
74729347,1
20198531,4
48441968,2
85575422,5
24778782,2
87500268,1
77363682,1
84081331,2
74524790,1
68573177,3
41997867,2
72377182,2
56703424,4
71658423,1
15712998,3
22387277,1
23659774,1
53722057,1
85681664,4
19192979,1
44368179,2
641982,1
25268052,3
13390025,1
61529031,8
49614690,5
67474873,1
86052098,1
641685,1
75104849,4
51424576,3
65535495,1
18087893,1
21332520,3
43183077,1
49840447,2
60091865,3
34081923,3
16252213,4
23816658,2
39185622,2
17798905,3
59035629,1
108615032,2
61301066,2
48454144,4
43427474,4
17439851,2
48920,1
25347176,4
22143018,1
73105407,2
97250499,1
66746174,1
46213818,3
24046750,3
24244064,1
9890943,1
30104467,2
24071884,2
14110193,1
17441333,3
16736459,3
16564150,3
30919574,2
35858697,3
20043836,6
22933369,3
12991303,1
19553073,2
20816592,4
44791189,2
33906297,1
89798849,5
8933380,2
59503092,6
107119293,1
77239212,1
85818084,2
45427621,1
25111902,1
37587505,4
97382319,2
27813266,2
38425054,1
7060677,1
49856494,5
82137743,1
89723115,3
38718098,2
47614486,2
27040380,1
71754442,2
69149741,2
18700465,3
28447815,1
75209905,2
103509431,2
18246969,2
713280,2
75104021,2
1436208,5
32263194,5
43307079,3
10568883,5
74032209,1
26650543,4
26400919,3
17038559,1
30859125,1
45227486,5
86284279,2
29574049,1
105081371,2
5550410,1
80998864,4
92670772,9
63453782,1
24399191,1
26002662,10
62411745,1
11031944,1
44176302,3
69654182,2
21259404,1
25954125,1
37097741,2
49741572,1
23070010,2
51505972,1
63252533,2
21206966,3
33478410,3
69798232,1
33369433,1
25600740,1
33218862,1
43486094,1
105138096,2
55747724,7
30262581,6
106356423,1
43996712,2
70765112,3
81879571,1
53254509,1
17606802,3
87554037,4
86570959,5
66515593,2
3163307,2
18795396,2
16493265,5
77052834,2
59818030,1
62298048,3
13896116,2
12212549,2
26982280,2
13721533,4
3067859,1
23146634,1
713545,2
38337926,1
75799868,1
41271639,1
18042507,1
82404029,2
71175788,2
641803,2
55906361,1
713825,1
89371399,2
23402143,1
26511927,3
49847197,1
26478356,2
21001968,7
85821840,1
71809608,1
20824680,5
79320147,3
18367897,2
24021154,1
5859255,1
47837900,3
58130796,4
44821130,1
21475613,3
66042323,1
45178934,1
42228993,4
23948854,1
98937631,3
5908216,5
104552872,1
21130589,3
6200126,2
75123004,4
90378103,4
80016841,2
1003455,3
22761113,2
16740662,1
49632896,1
65279414,1
26751570,2
42371613,3
51792645,6
59439639,3
15219449,3
61067312,1
57744750,1
16562837,2
103340602,1
67400947,6
39011603,1
253333,4
95022629,3
68340584,1
56351182,9
14915462,1
92903081,2
23502247,3
42448579,2
63222736,4
43036303,4
51623170,2
32005938,1
52440995,2
17959790,2
69695859,3
28929838,1
14961101,1
22071156,2
74174741,2
22901037,1
17188249,5
36469461,1
55654250,3
86105960,2
26404372,1
21506282,3
81905015,4
20862461,1
53697475,3
66777515,1
48335056,4
41759491,2
28824986,1
82194486,2
19563112,1
71704890,3
81625956,1
41298960,3
78596820,3
18445625,1
38947797,1
1100221,1
68671244,2
18744966,4
27634099,5
27315268,2
87728326,2
61695777,1
21210259,1
1700414,2
49692143,1
83885046,1
34782158,1
27963132,1
19731071,1
6836991,4
43270975,3
2114267,1
21033538,3
46061811,1
70065586,1
24187045,1
96427425,1
59193874,1
25127857,2
62904915,2
22941814,2
77512335,1
68280211,2
97430475,2
27328082,2
53482791,3
42917817,3
22899673,1
23085854,2
22457456,3
67292963,1
78894781,1
28292817,1
66682018,1
14913451,13
44966209,1
21254996,4
17243883,3
64264160,3
71090799,4
30962204,2
93743116,3
55618982,1
12548751,1
64413263,3
51300443,2
79312201,4
47990292,1
1389553,2
10500293,2
46566922,1
16701611,2
79880711,4
11060901,3
68510324,2
2872230,2
62278152,3
30415321,2
37243374,3
25030150,2
29334448,1
96480159,5
10363938,2
26929556,2
41880698,2
28567021,2
6239945,3
37199068,2
105430956,8
76785970,1
16618095,2
34646889,1
94378559,1
21599413,1
12183024,2
83886940,2
53128530,1
47795557,2
67265706,3
22717909,2
3364533,1
28861340,3
39010248,2
74210543,1
64272426,1
30176111,2
63386095,3
98737890,2
108090827,1
18827260,1
53124477,3
52542337,2
26781942,3
60369667,1
641821,4
41224078,2
29505688,8
49551901,3
22677964,1
66163812,2
21705902,2
61948642,1
109552991,2
24823840,2
32812357,1
87549127,1
64373015,3
43667625,1
80415263,2
65314958,3
41790249,4
45321461,1
46276815,1
52554571,2
42583006,2
31502914,2
49825858,1
52728881,4
22376928,1
97617444,1
93294809,1
59296560,1
32117972,3
17433121,1
41807125,2
58303431,3
95094255,5
6678354,1
26244059,1
96577101,2
46817904,2
58197831,1
69777314,2
41262430,4
35297256,2
85457708,2
37787080,4
84037130,6
21359901,1
48007065,3
27180694,2
45077356,7
25029944,2
72078526,1
61405146,2
35382015,2
42665938,1
19066523,4
100513837,1
35783624,6
24530880,4
87136340,1
56075556,3
77004495,2
73549957,1
49454546,1
28850547,8
47970358,3
81319759,1
3303614,2
41369575,1
8207781,1
32355153,1
31485146,1
94793432,2
10356211,1
25139442,2
69516089,3
10190669,4
89201046,2
26048780,1
75207903,3
40201381,4
2074642,2
17655874,1
33059407,5
70744332,2
42506386,2
23508223,2
78024629,1
26173738,1
70931243,2
33251374,1
30437098,4
868032,3
868050,4
21334068,1
2872228,2
93710754,2
29220917,1
20671438,2
47909276,2
791962,2
26296932,1
40392885,2
56274696,2
62746229,1
29660693,2
45143350,3
1075880,3
49122616,2
79221194,1
5764395,2
61905857,3
14200284,2
791369,1
48275724,4
40222590,2
77841008,1
29515899,2
61123985,6
30489982,1
641527,2
67448578,2
81829164,1
81814969,2
8301929,1
10312606,2
70875445,1
97068832,1
22044965,1
49615863,1
3394166,1
58382582,1
2063729,5
84047466,1
97180794,1
81357417,2
28577915,1
20905612,3
67547450,2
100195544,3
92861247,2
83343337,4
35907560,2
12278788,1
26368675,1
95693722,1
83614568,1
38341608,4
22651607,4
91990345,1
1440976,2
32732405,2
103794988,2
13162970,1
63338266,1
26312747,2
14597850,1
25109064,1
25391275,3
87625414,1
63025744,1
50812662,1
8423501,1
8888987,1
83822083,4
17613788,1
69833778,1
92770035,6
2033165,1
85016689,1
53015464,1
23889347,5
25460572,1
45478894,2
867897,3
67634197,3
66139302,2
39928058,2
3012036,2
1932524,2
98490843,2
82477089,1
59275443,2
2824924,2
93136457,1
32935096,3
84457576,1
48087469,1
75675807,1
37500183,1
15937287,2
42586714,1
16037540,1
15863630,1
37105931,2
5344494,1
48250110,1
17507078,1
33111290,3
91314133,1
44167666,4
16530943,2
10112459,1
80711226,1
49719704,2
18791579,1
8850524,1
21537663,1
61946899,3
81621849,1
47661948,2
39025079,7
50351170,1
48984944,1
33733987,1
70076807,1
12989157,3
64647027,2
2788578,2
49250618,1
33421844,1
55902176,5
59498165,1
80531208,2
39087649,1
17475737,1
71727021,2
61509787,2
43567648,1
43424530,1
52233539,1
28373834,1
60241314,2
50949815,2
24792551,1
36828479,1
91234558,1
45556854,2
1608011,1
56109682,1
55332188,2
66191761,2
45648454,6
51303383,3
43579692,1
22771183,1
91990353,3
25547938,2
50327421,4
95784299,6
64778100,1
40791677,1
97226711,3
19994001,2
24306040,2
62115337,3
70360233,4
19748587,1
8145676,2
75441111,3
63669945,1
55706707,7
46131499,3
38712185,3
69120045,2
9322227,1
23874767,1
58834855,2
61231548,5
43931708,4
86476348,1
28414042,2
34158212,2
35506580,1
103617960,1
5163632,1
17738333,1
77820753,1
22694209,4
70754582,3
20891637,2
19018823,3
61733518,3
18178631,1
791872,3
59139973,1
27618141,1
65203877,2
26138741,3
68660360,1
21284240,6
46236924,3
7766738,1
86704630,1
46273265,3
72089414,3
62694922,4
31695159,4
22283286,3
33760656,4
17135,2
95397020,4
11379693,2
39840464,1
46361035,1
17871044,2
24186802,2
9159154,1
32836359,1
7732140,2
63817221,2
1623501,4
2960963,3
45553274,1
15986696,2
7886329,2
3430634,1
63450717,4
28640696,2
85815771,2
51610957,2
15227330,3
81496792,2
73773897,2
20199190,5
26087651,3
36738094,1
51700325,3
25112629,2
713383,5
57349915,2
26590555,1
33436424,2
5372808,4
29677134,3
61062327,2
16729469,2
100288151,2
55261338,1
23526734,1
10209446,2
5535242,1
25960145,1
31627357,3
30139543,1
47554239,7
30993890,3
80473467,1
54878258,1
58335689,2
14005360,3
18287579,2
76505986,4
42176640,2
27611858,1
102006836,4
37791029,3
30408162,3
88378198,2
51814684,1
92471660,2
46654836,1
7708535,1
36727871,1
84079944,2
74874647,1
6133215,1
63420709,4
28289347,4
45711299,1
44033695,3
17052403,1
57612661,2
6124874,2
33328951,1
38181703,2
60280167,2
61563919,2
14095129,3
2461756,1
22537595,2
81483120,2
47631626,1
3074488,1
56239314,2
77192539,3
47000518,1
76393375,3
28149138,4
61226995,2
2788586,1
86091955,2
15748039,2
68636208,1
1606122,1
19475516,3
84752188,2
108928353,1
13856249,1
75654082,2
65298606,2
3399819,1
29735835,2
25995168,3
7740918,1
94229142,1
23659666,2
12805902,1
1187154,1
45474959,1
32734555,1
64734282,1
74984358,3
42857775,1
12823525,1
791363,1
50003074,3
48236955,2
37465429,4
17076460,4
48031237,2
57544316,9
26030509,2
12389598,1
5404735,1
34454420,2
16821282,3
87371740,1
109016511,2
59744296,1
102363456,2
62074922,1
71291254,1
16542722,1
32019275,2
33452350,3
59781390,4
18995093,3
105802458,3
45935294,4
73162379,2
250132,2
104933686,1
63104480,3
49086508,3
3164364,4
47373620,2
34978702,2
74656137,1
37476036,3
7563407,2
24450077,3
1168496,2
64779072,3
75679367,2
32425024,2
11522872,4
93902219,2
15390275,5
15997497,2
641645,1
71556670,1
41546686,1
60801857,1
33838489,1
4867469,2
1372112,1
45427332,5
57706855,1
51986964,1
19697664,2
53561456,2
6708353,3
33738232,2
14186170,1
58471397,3
94975105,2
18900897,4
43406656,2
78468183,2
42662391,1
16484875,1
61164496,4
21773520,2
53315879,1
85380874,2
8470326,2
55956834,3
108649942,1
19373674,1
85500500,2
45693921,2
28954182,1
27934037,1
95023537,2
86070700,1
20174249,2
22387837,3
46311971,2
48873113,1
66385423,1
15060947,1
98147337,1
70434285,1
21437432,1
84423437,3
60686656,2
67674325,1
57324307,1
2090896,2
24098737,2
66583235,1
85726114,3
791848,2
97216460,2
51727212,1
81332255,3
83269564,2
9138944,1
44208498,3
19051380,1
78894531,3
6741298,2
97421659,1
43283776,1
99320288,1
868047,2
10592484,1
36430923,2
37201245,2
5195384,2
58704967,1
20735668,6
62483626,3
37677622,2
14970289,1
99288191,1
29641850,3
83930117,1
84512181,1
39857904,13
68852489,4
50006840,1
52994285,1
28483925,1
29765706,1
28778721,2
11314731,1
42582976,2
26139206,1
62114897,1
2032802,2
27899094,2
36578962,4
93274690,1
33169546,1
46828121,4
3004587,1
31534846,3
69353884,3
11136987,2
35151149,1
25832171,2
65378618,1
12357959,2
30787457,1
22127560,4
84246195,1
65422049,2
1095206,3
71218342,3
91806739,1
713456,2
5824977,1
713268,1
47715706,1
45232756,3
91190602,1
51535652,2
87097256,2
36953919,1
60022255,1
85800155,2
94355470,3
60929864,2
82958108,3
35465430,2
25466813,2
28983639,1
35758003,2
67147992,2
60256707,3
21696785,1
46079442,3
17073949,2
64423723,2
42589642,3
105175934,2
27943169,2
33892938,1
80023661,2
37651882,3
53593850,1
101862214,1
65609649,4
2979974,1
336965,1
105568898,1
67438242,1
23340770,2
21953202,1
8494622,1
21320734,1
848428,1
14304391,3
39025354,1
28314979,1
38591153,3
26183073,3
45775460,3
2396082,2
21173537,2
57280136,1
21859392,1
99935743,1
6154798,1
13004842,3
50208102,1
95639600,1
16428282,1
92554551,1
2017236,1
89222590,1
19068603,1
40043573,4
31652390,1
55814075,1
40222192,2
36914993,2
25166673,2
37982850,1
18972786,1
52448413,1
336950,2
64926270,4
96222126,2
106286884,1
16367157,1
70509698,1
2306213,1
11113583,3
5565882,2
83257251,6
67572110,1
14726707,2
40854684,2
29884559,4
54436078,2
95436987,2
60201005,1
34130623,1
42685735,1
9259463,1
102124483,2
25688259,2
28397022,3
35214618,3
53730155,1
97104483,2
36422068,1
39305148,3
19272589,1
4992819,1
47263813,1
82108927,2
38530017,2
24599356,2
85043491,3
1002204,2
17777761,3
73781389,2
105183540,1
44378448,3
47009,2
74869101,1
39859201,5
75851433,1
24822411,1
50452304,1
77820373,1
84512205,1
2872177,2
21635559,2
69953133,4
22823390,1
102383025,4
62897997,8
14268431,3
103545617,1
41085040,3
81820442,2
3004428,1
37552774,3
29808829,1
97394615,1
70408069,1
716637,3
74203802,1
7647308,1
23204139,3
12161562,1
20854780,1
83016251,3
18314046,5
791855,2
64804936,3
20940829,1
94162788,2
91160307,2
40323336,2
29867284,1
51829752,1
60882762,2
68505182,1
33758791,1
33284818,3
40074654,1
56740667,2
27304018,1
21195529,2
74706773,1
90772479,5
16678137,2
30652919,1
22922521,5
28836494,1
72817811,1
105527979,1
40858181,1
66951685,1
72432908,2
63534604,4
52739670,4
19552523,2
25135424,1
103979259,1
40193553,1
63117446,3
3201501,5
84930141,1
41183260,1
97408357,3
1774902,1
14627246,4
41786858,2
51000251,1
57634848,3
791922,2
64125042,2
28988507,2
34736258,3
27702569,3
10369570,1
44014575,3
90393788,1
27930557,2
20919747,1
1001800,2
32309351,1
76033584,2
40414835,1
49116923,2
104374973,1
21259390,3
46948309,2
70155017,1
82285578,2
9167445,1
62973323,1
99320446,1
91005157,2
92733237,2
87705285,1
33151264,1
16716750,1
87135716,1
42343767,3
27365600,1
58040205,1
12574644,1
23843302,1
99966093,1
28748107,4
22630463,1
44032933,4
54220256,4
55697661,3
27896406,1
4948803,2
87138357,2
72964495,2
46219499,1
55019579,2
35759971,1
79340211,2
70139575,2
66730715,2
63542661,2
101156841,2
60403698,2
3402440,1
81726527,1
35184196,1
16721254,3
22436326,1
2237828,2
72539646,1
99259114,3
41188714,3
92414733,2
54733858,1
12393449,1
68460810,3
47957972,2
90456362,1
10765743,5
2523409,3
42891615,2
11469635,1
72686790,2
76186703,2
7974460,2
21059770,1
73663636,2
68380971,2
95812338,2
31928214,3
44071588,1
36470256,4
45124452,2
27119434,1
9999787,2
12190105,2
63752663,1
45089316,2
27931563,1
6312595,1
36343369,1
22095000,1
46604059,1
28656010,2
75777103,1
20245412,1
37144384,1
25808992,1
96629083,2
72981430,3
18378011,3
78519185,3
20098988,2
25839599,3
28929585,2
37856976,2
3279377,2
50194292,1
30818039,4
97421445,2
41895445,1
98612510,3
44288007,1
93763338,1
63995804,1
32867339,2
75699957,1
48831988,2
34657268,1
59781822,1
59908553,7
41616475,2
43724548,1
39578642,1
45385931,1
86509516,1
51085701,1
56312875,3
39612969,2
51936861,2
12026468,1
80885393,2
32852959,2
46219528,2
59377372,1
99870889,1
27810421,5
23311795,5
25976820,4
14176759,1
73189398,1
66870433,2
82392407,2
63066567,1
2246746,3
49629662,1
68436770,1
53126488,2
14768147,3
54562092,4
641924,3
97967863,2
9850121,1
49998825,1
81850236,4
63059544,3
83647593,3
79360836,1
21455092,3
21354368,1
19128374,3
60408981,2
27860646,3
52800075,1
15339993,4
14899049,1
43088,1
19753925,1
23695864,2
28333081,1
38043287,2
88315506,3
94896836,1
1962984,1
102801983,3
51994110,1
58746925,4
40285734,2
43593174,1
50003773,1
58466671,1
34142255,6
33417935,1
16617553,4
55484044,2
82975263,5
32226621,1
83460508,3
70996604,1
17902995,1
58941319,1
53431103,2
92994920,1
68182601,2
14801793,1
73456741,3
85687291,1
85203490,5
21071864,3
13794593,1
24778949,1
23274298,1
72361773,1
36210253,2
21755029,2
641882,3
59986692,4
47073229,2
72171633,1
67569852,1
105911799,2
21524339,2
6457877,1
22775994,2
61405370,1
45059581,3
24365707,1
17471066,2
78616830,2
9345004,2
27023282,1
64277535,1
44222281,3
87063628,3
1051470,2
14289077,1
96889251,5
71883515,1
7518420,1
14497462,1
12732207,2
69357864,1
29427921,1
74142886,1
22753838,2
76058991,1
97338162,2
11573902,1
31951013,2
42151703,4
20374001,1
12672561,1
88422128,4
20136576,2
25726594,2
30638435,4
2093317,1
51161334,1
87513899,2
32316792,3
20517989,1
53478046,1
34560675,1
19142336,1
51975901,2
89860527,3
61180226,3
641984,2
29926283,3
80833768,1
37688764,1
15194720,2
55167224,1
14932346,1
8611325,1
32365453,3
1255178,1
68250814,1
22549572,6
68490252,1
21910339,4
76391466,1
81125228,1
25883765,1
58274121,1
94759433,2
109027089,2
52243646,1
72892243,1
36925506,4
7925758,2
28376010,2
31321115,2
73354505,4
58412207,3
88790319,2
1314181,1
64376849,1
32244922,1
58714671,2
59952435,1
8793277,1
2987007,2
26159984,1
53308065,1
92777773,2
42619892,1
46240300,3
15384238,1
84422428,1
41676440,2
28092864,4
23949446,2
81378227,1
28391962,1
95622100,3
40625572,2
72347137,1
38505785,2
9663690,6
77324298,1
52705843,2
16124625,1
19074318,4
24202146,2
10298138,1
91055205,1
22247600,3
13880715,1
3454995,2
90770275,2
72762645,3
65403138,1
10294375,2
99103639,2
59396930,1
22525118,2
63563963,3
32372060,1
5586715,2
58083151,2
24928822,1
7632865,1
2483456,1
2155363,4
101720578,1
60274765,2
78569235,1
2997215,1
60688329,1
46445640,2
56760838,1
35291172,1
17865185,1
12514246,3
2485241,2
23818531,2
25748601,3
63406097,2
79710270,1
98810130,2
26879079,1
63341437,1
56477318,2
21822167,1
76500859,3
867924,2
15172799,1
71409301,2
53407704,1
33746993,1
5546676,1
63927062,3
40978531,2
75124623,2
52317438,1
93968402,1
69495865,2
86283122,3
21999675,2
53350684,1
14458989,2
78559091,1
51013509,3
66746849,2
34023132,1
48907310,1
46645274,1
52332729,1
713210,1
58668655,1
1138352,2
34798297,1
23403168,1
26875669,1
41819435,2
13364883,1
70477917,2
26361320,1
33604042,1
66364490,2
58736031,2
51820726,1
29504203,1
5452746,1
69124586,1
61542262,1
2872194,3
19339929,1
55127200,5
23180942,3
69087461,1
22626803,1
29409409,2
34456176,1
53544438,1
38266045,1
60532762,2
791453,4
108473961,2
21786360,5
2866524,2
52634858,1
87987231,1
15964538,2
87269209,3
26251425,1
23915716,2
66355,2
61901191,4
38936276,2
51351110,2
39783933,1
38298583,1
12867180,1
72213175,1
33648650,1
1136346,2
34350345,1
59216258,2
55485044,2
40472983,1
81830761,2
18131364,2
22665068,1
26385826,1
61499471,1
18035579,2
62324258,2
92946477,1
60759168,5
92833127,2
19091575,2
35051069,1
42864607,1
43690339,1
16487300,2
20707850,1
38560891,1
44930488,2
52636265,3
67941008,2
61811170,2
104690555,1
71573272,2
59002710,1
87657028,3
93958661,2
11880752,1
69936219,2
21862518,2
19922873,3
24925363,2
46918,1
51590226,1
28088275,2
28002497,3
66889578,1
75326997,2
47114528,1
67572829,2
34037710,1
47071,2
91687241,1
44993466,4
17683301,3
22475592,1
37541522,2
70373871,2
8549277,1
53120812,1
100299502,2
47679334,2
29430087,1
71401621,2
30158918,3
33144756,2
8443271,1
48502870,1
16471423,1
791362,1
32228393,3
23854905,3
79572985,1
58134223,1
73025948,2
51922011,1
3138493,2
25790797,2
78758393,2
61120229,1
63835449,1
3219481,2
91417810,1
21161737,1
45956195,2
47857429,3
10811681,1
81393760,3
73367068,1
31617778,1
36889222,4
96689851,1
3404219,1
70522481,2
22587860,1
22751971,1
22930864,1
30849081,3
97406823,1
45006297,1
15467251,2
83884675,3
101097877,3
74330599,1
39235232,3
90148598,1
40706173,2
38232515,2
15213255,3
51905904,1
49561200,2
16368783,1
16389137,1
64960017,1
104712486,2
33848637,1
60327379,1
76578291,1
55121463,3
53141254,1
58819724,2
19055382,1
791915,2
87104232,1
83908648,3
75395289,1
44261989,3
34030684,1
6807595,3
62376696,1
5422950,3
29103349,1
20435310,1
25861626,1
3052325,1
59834604,1
337018,2
78569248,2
17567880,2
26294909,1
51304771,2
20337846,1
46580302,1
26655470,1
29454503,2
99775961,1
20896979,1
641727,2
37323854,1
61072099,4
61948847,1
42207908,3
68037115,2
44711273,2
29106976,2
41685771,2
75810856,3
59613972,3
92193222,1
10964575,1
17151664,2
100053514,3
27753140,3
103810073,2
23692303,1
96475963,2
19876603,1
36637046,1
64394665,1
20370354,1
100294214,1
26296103,2
63107407,2
26651895,1
80611953,2
20274293,1
71521167,2
21574357,4
42486866,2
23766516,1
5588199,1
34958477,4
65229459,2
27577704,2
30752283,1
35517285,3
21333312,1
52291988,1
24374725,1
38956473,1
23173729,1
2638466,1
21306470,1
75891921,5
32205399,2
16048753,1
16538124,4
92356545,3
63507854,3
65547909,2
54463284,1
45630521,1
2388019,1
42631901,1
12581753,2
11537656,1
20895453,1
62038836,1
8676157,1
82736309,1
74332744,1
713311,2
62495604,3
106866976,2
29040149,1
38302696,2
45866253,3
15557137,1
61157639,2
37155285,1
26343512,2
92161203,2
23452021,1
18887917,2
49485111,1
9405619,2
44631876,1
65239369,1
109646761,1
98066818,1
6127036,2
21008838,1
32584148,2
59142347,1
81367774,2
36920611,1
28799847,1
28330744,2
252228,3
73677354,2
25166188,4
28310610,1
17382930,1
2638489,3
60592821,2
20101038,3
65768265,2
84104124,1
2270924,1
54628889,2
15569598,4
14834941,1
36138589,1
713275,1
41527411,1
8401376,2
9121782,1
10738325,1
74045307,2
791377,1
1543478,1
21747264,1
33984394,1
16601870,2
1001744,3
21868068,3
48214382,1
80499984,1
84240719,1
22943887,1
11231092,2
48608590,2
28249422,2
39427627,2
14786418,2
11876061,2
59772893,1
22912881,2
22683701,1
18597951,1
51319983,1
90923089,1
35533878,2
21816852,1
74161766,4
22985686,1
20845916,1
23510772,1
2881948,2
29108108,1
89946530,1
38641563,1
21743838,1
23687992,1
68070678,1
68242397,2
24591093,1
16189415,1
64612169,1
13619385,3
6954464,1
97757242,2
58863393,3
23801026,1
5549631,1
67512636,1
14420692,2
34385539,3
43217897,1
28339231,1
32233571,3
80789837,1
30344574,1
21621463,2
19733269,2
20138835,1
23828951,3
23531763,1
20674460,1
57017621,1
24356890,2
34683947,1
93559593,1
23519416,1
48781605,1
791787,2
108299259,2
2339519,1
25976854,1
59334906,3
17094081,2
36419947,2
15457373,2
24059833,1
92722910,1
76326537,2
22154598,2
192172,1
5824296,2
75715030,2
26068379,2
17601463,1
64158303,1
105425119,4
45752411,4
91622215,2
26149775,1
56333817,1
2300203,1
105286395,1
77592640,1
84101527,2
37804213,2
47869991,2
20853796,4
60682764,2
5272111,1
65896481,2
30616,4
15152250,3
46611895,2
28638843,1
19288122,2
20814277,2
44534617,1
68621859,3
96019872,3
19608440,1
26439186,1
62729811,1
82387795,1
59860658,2
23233748,3
26765739,1
58048759,1
20919074,1
32855037,3
59103523,1
20947505,1
35779112,1
64931716,1
99249985,3
73318441,1
25421647,1
5351406,2
93227407,1
14596057,2
66001800,2
34602361,1
67129960,1
7945175,2
79662585,2
3080135,1
69909272,1
17757936,2
58789965,1
70051516,3
101152747,1
74278432,1
38219138,1
9420082,1
3120728,1
2872354,2
86107549,2
29885061,2
64618485,3
95481884,1
87477624,3
34130944,1
72810866,1
54870739,1
23196323,2
35410878,1
94712442,1
24311342,1
65506057,1
22683602,2
87191451,1
69497861,2
1638261,1
19865019,1
69483932,1
6221458,1
59514667,2
61042901,1
53650315,1
2273816,1
3334053,1
3116439,2
59568125,2
14863563,3
54896983,1
61166979,3
68335165,3
50122697,2
78759121,3
89196414,1
25639669,1
36670417,1
641624,1
37598323,2
24409902,3
8675310,1
791930,1
9914045,2
58054259,2
31961385,1
52866219,3
58960171,3
8354247,1
30754710,1
62265125,2
96316582,1
55538510,3
62941249,1
65691316,1
33402594,1
33809987,2
31837638,1
56118581,1
59392725,1
34351828,1
88596210,2
25034768,2
34050326,1
56985171,2
51383551,1
5327928,1
53143138,1
102135294,2
32187658,1
3271313,1
18469896,1
32066290,1
10471734,3
57461880,2
67409150,1
15097363,2
35058607,1
51368847,2
72829093,1
45944711,3
10793080,1
14172432,1
36499531,2
29832420,2
58088941,1
65972695,2
54427070,1
30939000,2
58347898,2
7410902,1
27534854,1
27872472,1
14231208,2
62188772,3
36325069,2
85592861,2
67978802,4
49365304,2
39677105,2
89195776,1
43795719,2
72614321,2
40376390,1
50595352,1
106040523,2
34215058,1
3229394,1
47684512,3
13504163,2
43625770,3
44974393,1
64509932,1
9653283,1
17891941,1
74493599,1
12872951,1
50121094,1
67189714,2
27114331,1
58068212,1
44414587,3
34304005,1
9127332,2
38576264,1
26597611,1
42162771,1
60247734,1
20913821,1
67056790,1
39662421,3
66074017,2
83677677,1
21445214,1
55512187,2
62025090,3
39292246,4
73951375,2
41280289,2
32727669,1
16503982,1
27872594,3
93638764,1
17299309,1
94330788,2
53513643,1
29533328,1
106804725,1
46627729,1
106984589,2
67466323,1
10848125,1
86860998,3
19004681,1
58524796,3
91967338,1
62411762,1
12927557,4
38991161,3
42931548,4
59528383,3
1733536,1
10293741,1
12741550,1
44390918,1
42905428,2
60548167,1
105199411,1
55801161,1
14172804,1
22946077,1
9363036,1
96955246,1
87773319,2
88546597,1
60360268,1
101634564,1
10363929,2
17881528,1
17644598,2
22567591,3
65903944,3
84067122,1
39650006,1
97375362,1
17345182,1
23987225,1
61726675,1
2638485,2
19055059,1
77880754,1
67920952,1
29977008,1
68254997,2
24426994,1
65068959,3
24768080,1
45143515,1
105199799,1
73734030,2
17147170,1
2872094,1
70448629,1
19405346,1
56403627,1
25549617,1
18442106,1
23228618,1
33261393,2
2638476,2
78115915,2
14761557,1
7649106,1
3049291,1
104853883,1
43917846,1
62890698,2
22691777,1
23344148,1
23128670,2
20028711,1
29504462,2
28382935,1
81465434,1
32892441,1
23056805,3
26582863,1
33488736,1
53176618,1
82256697,2
20950820,1
63734045,1
42557231,1
67141294,1
77548265,1
28208438,1
51093035,1
27910765,1
36286515,1
10904151,2
62749729,2
19292222,3
31584809,1
62438474,1
53456867,1
62181081,2
70148504,1
81659503,1
45059527,3
20600360,1
10705452,1
76080244,1
86476955,3
107348535,2
33643809,1
9164689,1
76588945,2
67472375,2
99078025,1
44862829,1
21034103,1
21315306,1
18918091,1
92462469,1
31382040,2
21964039,4
81185100,1
18986040,3
36555356,1
16252098,1
17528990,2
43559985,1
32697514,2
17650360,1
8347460,2
53203984,1
38777152,1
50887185,1
95363985,2
26783885,3
32145510,1
88771534,1
86842732,1
43593303,1
57588629,1
22624681,1
22947945,1
86510848,1
34444818,1
59778785,2
45294003,3
57295066,1
21245455,2
42609573,1
77625697,1
49540952,1
45501021,3
40753117,1
8839495,1
89325548,1
19398004,1
20141160,1
75039296,1
78724607,1
85220705,1
56181396,1
85275553,3
74796606,1
641980,3
17428423,1
641775,2
70564764,1
61096041,1
51840691,2
74691414,1
61687485,1
81977509,1
30419629,2
103555430,2
90690549,1
28286391,2
26152512,1
17732052,1
14217998,2
37043032,1
79921940,1
100522914,1
51717412,2
22629062,1
60210036,1
8669787,1
94284464,1
28020752,2
43495905,1
21579995,1
77751786,2
69222951,1
26540486,1
37932499,1
71190585,1
99914243,2
23180786,1
62307163,2
109462720,1
37011878,2
87915550,1
50579121,2
44872911,1
1543266,1
17831511,1
58043399,1
67926704,1
28391248,5
87397789,1
61847541,1
2031459,2
79237449,1
76754000,2
85307866,1
32489839,2
31962043,2
21258592,1
26965862,1
22397238,1
46557098,6
14176286,2
6801415,1
5415752,1
65374648,1
61642642,1
41515113,1
15644342,1
49556985,1
102612109,1
25196026,1
89466865,1
64351075,1
60549656,1
69103320,1
30411044,1
51841191,2
59497216,2
19184594,1
65564681,1
29800992,1
43486383,2
3212710,1
14713781,3
89873464,4
10333631,2
22701791,2
7734622,1
74280965,1
20875650,1
3536099,2
56911331,3
26511074,1
101383264,1
36131804,2
1353687,2
52527653,4
47524620,1
90833538,2
27334690,1
73007415,2
1193506,4
27692768,2
36832853,1
105378868,2
22069008,1
46195840,2
3021498,3
9166973,1
6772873,2
80248926,1
48063690,1
10062931,1
62063974,1
25597275,1
7576928,1
70108529,2
21039246,1
74365048,1
23316383,1
84788587,1
44870100,3
57344167,2
85769572,1
59932863,1
84994320,1
106483336,1
29556091,1
71551582,1
37626396,1
18970372,1
16065042,1
46634940,2
15113528,1
24545727,2
56013866,1
65939223,2
15002273,2
56599388,1
6689499,1
36748434,1
6772852,1
28156,1
1614831,1
22853969,3
45787658,1
9392899,1
63436136,1
22916154,1
17512911,1
32862592,1
38105706,1
17565210,1
46444211,1
9177030,1
42081427,1
8792471,1
71958189,1
44279818,1
75815960,1
36365306,2
93000997,1
47482631,2
75870625,2
78808998,1
64296756,1
7519168,2
51792543,1
54349863,1
72022805,2
19123535,1
45270913,2
59052336,1
47092,1
70237083,1
79969810,1
8167997,2
31337855,1
19868570,1
41451,1
38032224,1
14074063,1
71210892,2
60134194,2
12522636,2
14621206,1
79225871,2
29326707,1
44278307,1
27938075,1
86884768,1
16668804,1
18558762,2
49984102,1
20764199,1
108409503,1
45023838,3
51796311,4
24775081,1
20847714,2
93012984,1
24099891,1
60753554,1
27762192,1
24571296,2
46985,1
44286426,1
52296544,1
24868764,1
36894113,1
42661603,2
49344344,1
22125484,1
57852165,2
37798551,1
3058169,2
3002629,2
66778667,1
77286519,1
24372597,1
9356956,1
25914342,2
3263625,2
46836227,1
713197,1
6726544,1
40765347,1
16412276,1
32261064,1
85817250,1
8717422,1
12342777,1
55406200,1
29905697,1
103684709,2
34608525,1
61248618,1
60931185,2
80677253,1
19912753,1
7935690,1
50277432,2
21569763,1
2988591,2
27424267,2
46466501,1
6331582,1
85444474,2
63514297,1
91055239,2
8219728,1
2991406,2
49877520,2
22446371,1
16803346,1
67572659,4
20996631,1
791835,3
38340586,1
27013686,1
52023576,1
97756791,1
97827149,1
28624058,2
23334242,1
2976796,2
53483402,2
66806062,1
63600064,1
44579653,2
17345145,1
53872702,1
75500372,1
70516786,1
21769921,1
24856249,2
100548929,1
101393550,1
27453462,1
20881377,1
76984629,1
24710081,2
21053109,1
28634834,1
97756233,1
16588722,1
21685519,1
50737913,1
62261670,1
93540253,1
71239803,2
9299807,2
10252313,1
67972018,2
51275519,1
95109092,1
29488863,1
79037623,1
103172981,1
98553259,1
74783553,1
24089353,1
51377783,1
56100774,1
14281882,1
24827351,1
61925034,1
16795341,1
47100,1
16364277,1
8333963,1
33521272,1
10204725,1
31353930,1
41478017,1
57091114,1
15066046,1
56543200,2
36909105,1
70739613,1
98921847,2
87619474,1
2733141,1
50499687,2
21520397,1
100060172,1
30937929,1
21368984,1
57076102,1
105057159,1
66560658,1
43327840,1
1824523,1
25502616,2
81198907,1
1748408,1
22632179,1
37992873,1
18190873,1
60442857,2
22963908,1
69165300,1
20836015,2
32638890,1
26710472,1
1211158,2
43828765,1
23698840,1
11998776,1
70938091,3
64706722,2
15682448,1
55413407,1
11221231,1
9581297,1
37676415,2
21205450,1
10135139,1
108222389,1
64907649,1
100003560,1
32547110,2
87125552,2
6255156,1
35880617,1
29066428,1
39643175,1
23692484,1
15355101,1
81428762,1
59416638,2
73776369,1
63945971,1
56805808,2
17381327,1
51394473,1
69503606,1
90134367,1
73767947,2
3022370,1
106829446,2
34731591,1
89063993,1
107007733,1
57812354,2
4900136,1
49521510,2
8287458,3
87774123,1
39315028,1
68896945,1
50034136,1
10963988,2
63265696,2
62485987,1
69250609,2
59324435,1
23506392,1
11349983,1
1799105,1
48699824,1
11496152,1
22785674,1
97756383,1
56785925,2
26667858,1
41226035,2
22631549,1
17563306,1
43180048,1
7921336,2
29504137,1
27749370,1
23304749,1
32535241,1
26038305,1
1700641,1
4940144,1
19225484,1
48828154,1
43493400,1
70164475,2
44742504,1
68048558,1
42917754,2
11887269,1
85108581,1
15184437,3
44111412,1
64238277,1
73295643,1
11483278,1
7898211,1
52185739,2
62036839,2
65003228,1
68666982,1
99710272,2
76785430,1
10838985,1
26242974,1
32536991,1
19925506,1
66722586,1
61817022,1
78593640,1
59757815,1
2077161,1
59839057,1
98212287,1
71711045,1
67496339,1
81929086,1
9746117,1
46084146,1
42864710,1
80889313,1
100023270,2
36218510,1
61555423,2
67849754,2
28323401,1
12869132,1
21600887,1
10078549,1
48976258,1
73144220,1
62731448,1
54463022,1
62908558,1
7290440,1
40815280,1
62981095,1
340940,1
96526589,2
65122927,1
24494245,1
22254699,1
91468992,2
93329491,1
54215705,1
47554123,2
16644432,1
2883964,1
86167318,1
60627114,1
35303678,1
69229034,1
77665238,1
99483260,1
53719052,1
63488462,2
6245974,1
65162393,1
86064949,2
62335416,1
2033045,1
45992469,1
27437089,1
11766177,1
45111933,1
31320340,1
81016506,1
26385716,1
20612441,1
11830310,3
60231786,1
24260032,1
25154875,2
32269643,1
58670369,2
45209557,2
10896766,1
28468773,1
50536817,1
6157488,3
713540,1
45364529,1
64470916,1
33803444,1
50814523,1
87756777,2
55150614,1
34313125,1
2046090,1
89203345,1
44428368,3
56352414,1
56771,1
16707573,1
15439136,1
35450568,1
17454865,1
101830337,1
75400883,1
3011963,1
48119533,2
21926340,1
29926352,1
18487957,2
79114013,2
13575339,1
25432093,1
105245191,1
53588189,1
17593946,1
43660208,1
45351998,1
19826273,1
38847034,1
12636174,1
10079031,1
65060727,1
51336064,1
44290894,2
43958636,1
81038290,1
62368750,1
98757055,1
7325963,1
24194758,1
25631630,2
65442285,2
22575790,1
96365856,1
14813745,1
17619137,1
53082173,1
22400620,1
100966116,1
82234543,1
34625217,1
13361030,1
58213243,1
41499070,3
34774822,1
40374388,2
54458232,1
65771627,1
69127767,1
642044,1
64166021,1
19708488,1
86984225,3
86241315,2
45027752,1
27828203,1
72789401,1
53778030,1
22828140,1
82982221,1
27796029,1
39833259,1
19293459,1
38570410,1
72131209,1
7850517,1
39803439,1
96488980,1
58525555,1
14554792,1
20335052,2
2451995,1
9053309,1
70155864,1
52895747,1
34429432,1
71710184,1
93967667,1
46078335,1
35133808,1
68339902,1
12528825,1
77205162,2
26623489,1
92796132,1
93261623,2
23397030,1
62009006,1
10600245,1
67598166,1
27432405,2
40656243,1
8239841,1
63110690,1
8632972,1
78161153,1
43227819,1
77805138,1
72164154,2
63791464,1
85446046,1
88473487,1
34305103,1
78249555,1
28489430,1
63734958,1
37936964,2
69246501,1
27482016,1
76485099,1
54454246,1
24030809,1
3044865,1
57703499,1
6733241,1
63322108,1
42989887,1
59390228,1
33481672,1
50140783,1
36424035,2
36839085,2
26799638,1
10919427,1
70713686,1
99448366,1
75239403,1
44761774,1
66693837,1
60849192,1
55272321,1
15969269,1
9999806,1
1450740,1
103122831,1
5033504,1
791781,1
55373787,1
62644828,1
87549585,1
65674049,1
76438928,1
7410918,1
47689419,1
44077687,1
85674311,2
76214439,1
17871523,1
89204887,1
9114967,1
38150762,1
81629959,1
17503002,1
47998396,1
42142102,1
40895055,1
62408106,1
85672647,1
94568498,1
99947847,1
15139457,1
60792200,1
55678370,1
25066244,1
24185420,1
39309907,1
24397424,1
19604697,1
36666260,1
87367428,1
5666474,1
37633077,1
16648549,1
97940686,1
53961535,1
12743939,1
58354360,1
34998691,1
5844102,1
24365377,1
19552227,1
61529512,1
61161419,1
39014170,2
58459685,1
91784094,1
34770752,1
19749582,1
55736730,1
73638184,1
42159610,1
31851556,1
16627830,1
76541516,1
641753,1
8258994,1
72039722,1
63929494,1
25514919,1
42537755,1
69309173,1
39237777,1
24188450,1
21945354,1
44434513,1
66946218,1
53087947,1
64315023,1
20978063,1
45904656,1
89193696,1
25845436,1
55187660,1
3101138,1
18031447,1
85073497,1
641536,1
107422047,1
641640,1
60990474,1
23477563,1
57056742,1
29868124,1
76378149,1
28100508,1
8661394,1
14272035,1
94196072,1
19614043,1
58172272,1
108406075,1
51046322,1
25030153,1
1986178,1
84512188,1
18928397,1
79690518,1
29015859,1
29503060,1
24924658,1
78186638,1
85463397,1
76886581,1
39113249,1
66813181,1
30039696,1
47164784,1
28173859,1
88710316,1
37064157,1
76743179,1
15025280,1
92262684,1
79175351,1
80966310,1
47136,1
55588401,1
78921070,1
46305564,1
3058444,1
88079494,1
39565180,1
68744553,1
73312702,1
52012289,1
19716336,1
54828594,2
73781653,1
18997311,1
7100384,1
36030341,1
66870860,1
19288031,1
66654,1
14536318,1
3401035,1
96973907,1
3398874,1
66551900,1
22579749,1
70897620,1
89520342,1
641762,1
17612592,1
95681340,1
64770960,1
107951723,1
36391947,1
76691701,1
87175720,1
28564518,1
28205421,1
17555704,1
43109295,1
62213420,1
58367558,1
54479139,1
23359021,1
10608213,1
55087392,1
24099863,1
1386676,1
33565800,1
67846618,1
8287452,1
