repo_id,name,num_stars
17991525,react-native,163634
158753,lantern,139152
28557277,tensorflow,135685
864,bitcoin,126579
11474326,RxJava,122091
5210,okhttp,99864
22616,retrofit,98892
11313132,java-design-patterns,98706
2122,phantomjs,86892
35846,kotlin,86856
4952344,spring-boot,79268
17302594,elasticsearch,67802
15939,zxing,66804
13066443,guava,66786
6093,julia,65667
20629,ace,64662
4135,scala,63120
4876188,spring-framework,62030
31227,EventBus,61851
340,netty,59619
11619995,protobuf,58788
9511697,MPAndroidChart,56212
11367097,tesseract,56026
31366,Android-Universal-Image-Loader,54459
1528515,Hystrix,53667
4391700,glide,53350
34754970,BaseRecyclerViewAdapterHelper,53007
16232,dubbo,52071
1877118,shadowsocks-android,49848
7115486,go-ethereum,49836
2981995,butterknife,47770
19010386,ijkplayer,47010
8196280,spark,46666
19795940,leakcanary,46584
7608,reddit,45069
6,cocos2d-x,44706
15870,jenkins,42225
177326,libgdx,41787
2922319,fastjson,40400
8941324,iosched,38358
2547593,SecLists,37434
11475003,RxAndroid,37306
11077845,android-best-practices,37158
45297,kafka,36900
1348749,rethinkdb,36866
57171164,Interviews,36099
3159585,jadx,35304
2922081,druid,35046
8016,android-async-http,34764
3720099,picasso,33684
18733447,gson,33204
42009,greenDAO,32973
18004957,fresco,32722
17795253,xgboost,32422
4095,elasticsearch,32211
10045,akka,32157
6992183,The-Art-Of-Programming-By-July,30414
2254383,selenium,30400
5022,storm,29946
3487748,tutorials,29592
9706049,odoo,29340
29046908,hacker-scripts,29296
2281,gradle,29160
1711636,cat,28467
47651091,zheng,28390
6705344,generator-jhipster,27930
2408633,dagger,27898
3085,xbmc,27885
11491823,Android-CleanArchitecture,27810
908642,disruptor,27165
10425739,ExoPlayer,26996
537036,mockito,26892
11450,piwik,26826
18025548,HanLP,26562
17214344,Material-Animations,26418
32573154,Fragmentation,26151
55219,intellij-community,25833
20235,SlidingMenu,25803
6068879,Telegram,25644
25725,otp,25620
934,jedis,25167
10313339,flatbuffers,25032
891091,Apktool,25026
16286325,deeplearning4j,24998
147,ActionBarSherlock,24990
4563494,playframework,24938
6421472,rocksdb,24930
20684774,symphony,24876
8610015,java8-tutorial,24600
180018,spark,24366
7482117,CircleImageView,24314
29,opencv,23910
11821,androidannotations,23748
32310,lombok,23634
694138,eureka,23409
581,mono,23373
17753126,logger,23310
20068777,react-native-vector-icons,23000
16477419,stetho,22920
11595060,AndroidSwipeLayout,22908
8540,openFrameworks,22833
17380601,android-UniversalMusicPlayer,22766
857627,dagger,22518
5874,clojure,22506
2740299,mybatis-3,22450
12732976,leetcode,22440
19,NewsBlur,22368
1372,finagle,22248
12143760,realm-java,22190
15778405,MaterialDrawer,21882
10425716,AndroidViewAnimations,21834
10502,leiningen,21642
5561740,RAP,21354
151229,elasticsearch-analysis-ik,21225
6947,jsoup,21138
21164391,infer,20650
13444836,android-Ultra-Pull-To-Refresh,20296
190,SimianArmy,20142
4735,tiled,20013
5856434,HikariCP,19946
1366147,neo4j,19824
13335799,Android-ObservableScrollView,19700
17694,ceph,19602
23599187,bazel,19572
12224410,MaterialDesignLibrary,19562
2254769,appium,19502
55820753,CoordinatorTabLayout,19225
12302,puma,19050
4003655,dokku,18966
14758742,recyclerview-animators,18906
4851809,FizzBuzzEnterpriseEdition,18850
87806,zookeeper,18849
28054298,godot,18823
13601600,libphonenumber,18600
25445,platform_frameworks_base,18192
14897549,pinpoint,18086
171390,antlr4,17886
14807988,flink,17828
12712713,bytecode-viewer,17694
13127,thrift,17592
26275233,RxPermissions,17444
34,android,17430
21934884,RxBinding,17342
20271797,zipkin,17280
2909125,canal,17138
10657480,guice,17084
1773970,injectionforxcode,17067
6325605,openalpr,17056
29148918,xxl-job,16978
24143180,HomeMirror,16880
32023,nokogiri,16791
19230847,MaterialViewPager,16760
3796031,webmagic,16560
7025061,Calligraphy,16534
20607710,cheesesquare,16334
205522,async-http-client,16020
6830,lila,16011
15000245,glide-transformations,15830
13721,frontend,15720
4763137,auto,15634
8304,cassandra,15552
3264,springside4,15471
26148826,material-theme-jetbrains,15440
4060126,zuul,15398
19007344,DanmakuFlameMaster,15382
3936540,AndroidSlidingUpPanel,15364
20684770,solo,15186
47034,vowpal_wabbit,14991
6075,titan,14898
15637163,UltimateRecyclerView,14878
3031,Java-WebSocket,14811
10191372,Mybatis-PageHelper,14808
26476888,WeChatLuckyMoney,14722
41295977,Java,14655
1356204,OpenRefine,14607
11121205,spring-boot-admin,14604
38701,python-for-android,14589
26784969,react-native-desktop,14556
3226675,jeesite,14504
1345807,VitamioBundle,14502
2401584,android-gif-drawable,14462
1350237,ppsspp,14418
12455,k-9,14244
7933,facebook-android-sdk,14244
22072113,RxLifecycle,14196
10926776,interview,14030
34342,StickyListHeaders,13935
8765,otto,13845
4569791,timber,13812
12738107,sweet-alert-dialog,13750
29890,snowplow,13704
25901840,AndFix,13656
15441396,JsBridge,13566
12582791,hellocharts-android,13524
28178404,plaid,13478
12603,freebsd,13434
14292770,android-testing,13368
10937937,MyCAT-Server,13340
22053855,RxJava-Android-Samples,13324
17865733,jd-gui,13286
50301,DiskLruCache,13239
23551572,TakePhoto,13238
14999882,javapoet,13230
2851222,LitePal,13186
13255,veewee,13185
3946,evercookie,13100
29172179,anko,13022
6712110,hugo,13002
11825713,android-floating-action-button,12922
4304960,CoreNLP,12874
16325402,SmartTabLayout,12838
26361,cw-omnibus,12828
3406875,buck,12790
26591,hibernate-orm,12720
16618,eventmachine,12690
17602888,dex2jar,12630
9119930,okio,12494
17947867,kaldi,12468
21187402,android-ndk,12454
10604254,EffectiveAndroidUI,12440
14069317,Material,12400
15444059,ViewPagerIndicator,12392
16827424,grpc-java,12328
8944718,androidmvp,12294
9569222,PiggyMetrics,12242
12187659,physical-web,12208
11610797,storm,12202
2067,phonegap-plugins,12159
17530,shumway,12147
6434212,ShortcutBadger,12142
11989706,LeetCode,12106
1735275,flyway,12105
21209121,Timber,12094
8796303,mal,12046
13754421,caffeine,12040
3777,nixpkgs,12039
13061306,MaterialEditText,12022
4784541,vert.x,11954
1434458,ActiveAndroid,11856
68597,NineOldAndroids,11754
20837953,appIntro,11746
20839830,zaproxy,11722
20519,joda-time,11670
27629,mesos,11622
5402577,dropwizard,11562
113629,android-autofittextview,11547
35132188,LoadingDrawable,11508
7691517,j2objc,11430
9140398,dynamic-load-apk,11424
1001578,opentsdb,11421
90216,crawler4j,11412
958892,grammars-v4,11373
9979642,AndroidImageSlider,11338
139262,netty-socketio,11334
54695,NSLogger,11328
4950150,gradle-retrolambda,11324
14284596,druid,11318
9528425,NumberProgressBar,11252
4594792,dolphin,11238
25006,rabbitmq-tutorials,11211
10103538,circular-progress-button,11196
40412,ideavim,11139
27393615,AndResGuard,11056
931310,smali,11001
516195,AndroidAsync,10948
9750543,ZhihuDailyPurify,10942
6489,atmosphere,10938
6462793,SystemBarTint,10928
16552696,mosby,10926
4714616,xUtils,10888
801441,Activiti,10868
5160353,subsampling-scale-image-view,10848
2384294,PredictionIO,10804
21382248,mxnet,10753
24157653,PermissionsDispatcher,10750
4068,jruby,10746
7570729,u2020,10668
18156305,moshi,10668
2257593,twoway-view,10662
163875,tomcat,10650
22042237,actor-platform,10647
17354,hello-world,10539
12555179,ansj_seg,10522
21361829,android-topeka,10516
16137647,material-calendarview,10490
13364914,InstaMaterial,10444
1842,MinecraftForge,10443
15082681,Side-Menu.Android,10424
12666890,dubbox,10392
20450716,wechat,10360
4395431,RoundedImageView,10342
9509377,closure-compiler,10310
11585218,elasticsearch-sql,10284
12617548,RippleEffect,10270
3749766,RocketMQ,10230
4873,lucene-solr,10182
2344415,processing,10150
3044523,android-gpuimage,10108
24999385,FlowLayout,10106
20796,hazelcast,10074
17770132,FloatingActionButton,10060
8204377,GoCD,10060
98127758,UETool,10044
11854349,jjwt,10044
3814375,ion,10010
14719391,SwipeBackLayout,10004
9925226,disconf,9988
9197332,hutool,9966
26166110,nomad,9952
6192576,Android-Bootstrap,9946
18022219,Arduino,9867
16513025,sqlbrite,9846
2561674,junit,9836
24919055,DroidPlugin,9814
8335,libfreenect,9810
11537087,error-prone,9798
6075528,rebound,9770
45658,hue,9744
4929,AndEngine,9723
3697,nmap,9699
1358566,MapDB,9651
3960711,android-volley,9602
1554,graylog2-server,9572
20881107,aerosolve,9562
42972,USB-Rubber-Ducky,9537
3142597,ListViewAnimations,9518
90652,wiremock,9513
4270248,vitess,9508
16416,gephi,9507
1182,scalding,9495
15500909,android-advancedrecyclerview,9488
22031163,este,9462
27729263,AndroidPicker,9444
13773,hbase,9417
18236982,richeditor-android,9412
546037,android,9393
64978016,localstack,9368
3209,FreeRDP,9366
10135937,concurrent-ruby,9366
14517024,dialogplus,9356
3649407,robolectric,9338
1423829,bignumber.js,9291
6758820,ShowcaseView,9276
185592,jmeter,9252
7694902,metrics,9250
24921644,algs4,9216
8643285,ueditor,9202
1367228,frege,9171
7234791,android-common,9120
21971064,react-native-material-kit,9116
3857460,webshell,9032
12433130,css-layout,9032
30529755,uCrop,9015
7212462,go-lang-idea-plugin,9012
59757,tess-two,9006
2752178,jsonschema2pojo,8990
3364545,nanohttpd,8974
5035451,otter,8966
731872,jodd,8955
27943905,AVLoadingIndicatorView,8955
13153910,Aeron,8952
33584352,BottomBar,8952
13534407,smile,8946
10957348,FloatingActionButton,8944
24203553,che,8914
2916055,minetest,8892
13069452,Android-Iconics,8862
27756171,FastDev4Android,8835
1933719,social-engineer-toolkit,8834
8544496,android-crop,8832
28540548,FlycoTabLayout,8794
18219363,react-native-camera,8792
39505,jOOQ,8775
8824,cgminer,8772
20886902,bottomsheet,8768
30155281,FileDownloader,8753
17999809,z3,8734
37946333,SpringBoot-Learning,8698
24303626,react-native-router-flux,8673
742622,android-saripaar,8652
26557,litecoin,8616
2185,titanium_mobile,8583
182243,sugar,8576
22358,jersey,8547
604767,jfinal,8529
17676883,TeamTalk,8518
19073614,Android-Boilerplate,8518
13626659,DBFlow,8516
14707585,MaterialDateTimePicker,8448
17421504,Phoenix,8444
21898406,dexposed,8432
4252,dygraphs,8418
2822,Halide,8403
897,jQuery-Validation-Engine,8400
11806054,SwitchButton,8394
25282303,JFoenix,8378
7629039,shiro-example,8374
20601288,BGARefreshLayout-Android,8372
1288351,afinal,8349
16575013,or-tools,8348
7317,scribe-java,8337
128055892,fish-redux,8304
15544036,Android-Material-Examples,8274
12813154,swagger-core,8272
1838617,code,8272
12211732,mysql-server,8254
21575067,nuclide,8252
22043131,Blurry,8242
1953978,sbt,8204
252,rstudio,8193
5335395,spring-mvc-showcase,8176
62238,camel,8175
21608473,PLDroidPlayer,8134
937,grails-core,8130
15798691,Material-Movies,8079
20337473,h2o-3,8062
49233685,localstack,8055
13593381,Mapper,8052
44428,TextSecure,8025
27710429,dbeaver,8012
26108120,ZhiHuDaily-React-Native,7976
20096264,sdk,7968
25334,scalatra,7953
6252549,kryo,7946
22964,config,7938
22401266,dokku,7904
3470,OnlinePythonTutor,7890
5267355,jstorm,7840
12813026,swagger-codegen,7822
4885493,red,7818
4314311,keycloak,7814
19106,scala_school,7785
121755,AlgoXY,7768
2156,breeze,7758
4563307,icepick,7736
7025247,grafika,7724
68523,android-viewbadger,7707
55975098,monitor,7693
30166152,easypermissions,7679
5420628,cardslib,7674
28054,sjcl,7668
12491295,google-authenticator,7646
12830,rvm,7632
21542990,Meizhi,7630
1691,moodle,7623
30465897,52-technologies-in-2016,7623
13465238,mobile,7606
1377549,aws-sdk-java,7605
7836,twitter4j,7599
34190,jvm-serializers,7578
75275,shiro,7563
101209,azkaban,7560
9732013,EhViewer,7560
22920,jetty.project,7548
18013712,HackerNews-React-Native,7538
6653229,SmoothProgressBar,7526
4765,bigbluebutton,7506
9840,mongo-java-driver,7506
15076175,Context-Menu.Android,7506
29501215,tcc-transaction,7496
11673022,official-images,7488
12222055,sticky-headers-recyclerview,7448
2802308,generator,7446
4563,voldemort,7422
5378,Bukkit,7416
5216326,marathon,7408
64630,appscale,7398
16310355,Sunshine-Version-2,7390
2367496,android-times-square,7390
25985095,MaterialSearchView,7382
22048045,PocketHub,7372
4055917,android-iconify,7364
26040811,react-native-device-info,7358
22092731,Android-ConvenientBanner,7348
1619385,cordova-android,7317
7118,YCSB,7311
1367535,moco,7308
9817095,ExpandableTextView,7268
22206580,FirebaseUI-Android,7260
7941722,dotty,7230
25656386,JKeyboardPanelSwitch,7230
45269,hadoop-book,7224
14746,http-request,7224
202,gaia,7221
89745,yuicompressor,7218
6988998,AndroidStaggeredGrid,7210
7485579,emojicon,7204
12713,hive,7167
144967,undertow,7155
6992905,capstone,7134
1041,zipkin,7134
6253397,openh264,7126
29671,CMake,7119
14300352,zxing-android-embedded,7114
6694533,exploit-database,7114
17251056,shimmer-android,7084
11750714,spring-cloud-netflix,7078
17302013,logstash,7064
10039226,mapbox-gl-native,7052
26142217,ExplosionField,7042
3905191,react,519988
1088,linux,457806
20078281,node,403908
1920,three.js,333036
17991525,react-native,327268
158753,lantern,278304
28557277,tensorflow,271370
528,meteor,270978
864,bitcoin,253158
13465629,go,250684
770,redis,237240
5219,scikit-learn,223710
2122,phantomjs,173784
14877,git,172506
10313229,rust,156792
5603,php-src,150384
105757646,deno,141432
6093,julia,131334
18089783,x64dbg,126656
340,netty,119238
11619995,protobuf,117576
5524547,cpython,113552
11367097,tesseract,112052
1348749,rethinkdb,110598
7704341,neovim,106960
13860,ruby,104016
29261651,swift,103822
284,mongo,101310
1877118,shadowsocks-android,99696
7115486,go-ethereum,99672
19010386,ijkplayer,94020
788,FFmpeg,91794
6690250,How-to-Make-a-Computer-Operating-System,90714
6,cocos2d-x,89412
16827100,grpc,87940
21578,v8,86682
149332,textmate,85992
177326,libgdx,83574
6223,sqlmap,83238
17911207,vim,82828
15012233,nw.js,81188
3246,emscripten,80640
18904813,electron,80460
3174,folly,77862
565654,jq,75030
11654350,leveldb,72976
13378441,corefx,72468
5831963,hhvm,71408
9422,fish-shell,69282
19626,OpenEmu,68544
139100,nginx,66426
18004957,fresco,65444
27478957,netdata,65338
6013,numpy,65334
17795253,xgboost,64844
10938134,imgui,63580
14098,radare2,63486
1353232,mpv,62514
634,symfony,61431
6992183,The-Art-Of-Programming-By-July,60828
2254383,selenium,60800
6876142,caffe,59934
8127,matplotlib,59562
12999108,osquery,58912
20851822,tmux,58784
2281,gradle,58320
1799,Theano,57822
32136,the_silver_searcher,56664
3085,xbmc,55770
10748827,swoole-src,55168
29304481,reactos,55064
519,RestKit,54710
50315,wrk,54138
5049584,sharp,52624
6690806,libuv,51836
55219,intellij-community,51666
853,metasploit-framework,51516
6068879,Telegram,51288
25725,otp,51240
5414190,RedisDesktopManager,51172
24888,iTerm2,50112
6421472,rocksdb,49860
13345616,io.js,49856
22084657,googletest,48356
27194,rufus,48084
29,opencv,47820
9524590,sqlitebrowser,47260
581,mono,46746
8540,openFrameworks,45666
14545279,shadowsocks-libev,43552
1142,salt,43500
10998645,docker,43421
2257240,openssl,43356
12639184,AsyncDisplayKit,43060
21382248,mxnet,43012
20286473,styleguide,42398
27329,pandas,42174
7580,fmdb,42045
13407509,flow,41538
21164391,infer,41300
181023,qBittorrent,40728
14965067,hosts,40678
9808205,stb,40100
4735,tiled,40026
10104856,node-sass,39990
7537,kivy,39564
18022219,Arduino,39468
2366329,ReactiveCocoa,39238
17694,ceph,39204
23599187,bazel,39144
10277858,toxcore,38908
9664377,tornado,38278
120682,bgfx,38220
857502,ConEmu,37842
87806,zookeeper,37698
28054298,godot,37646
31723,scipy,37554
6276214,openage,37404
799,linux,37278
13601600,libphonenumber,37200
20282,redis,36990
25445,platform_frameworks_base,36384
18893127,libui,36192
4537328,torch7,36076
22047463,interactive-coding-challenges,35972
3045,memcached,35908
2909122,tengine,35844
5533782,obs-studio,35768
46368,pdf2htmlEX,35712
12666384,h2o,35680
9472730,pop,35580
16948090,vnpy,35272
13127,thrift,35184
7197777,micropython,34964
31340100,CNTK,34668
4723369,masscan,34456
26339258,redox,34206
36943,pyinstaller,34188
23703003,caffe2,34156
6325605,openalpr,34112
9419,ccv,33528
38366,dnscrypt-proxy,33204
1900277,shadowsocks-iOS,33108
84149,systemd,32598
1717,TrinityCore,32532
26535,postgres,32496
81335,Catch,32346
1588421,liteide,32310
7641,nimbus,32274
10394777,sandstorm,32016
11727010,robotjs,31580
53095457,iina,31356
20668,sql.js,31110
202383,vlc,30858
36129,twemproxy,30856
20743223,notepad-plus-plus,30644
5410,macvim,30504
12500376,brotli,30324
7776438,dlib,30136
47034,vowpal_wabbit,29982
1465,MWPhotoBrowser,29956
2045,libgit2,29916
14979838,ZeroNet,29764
10912,mruby,29748
17861278,Windows-universal-samples,29688
17947217,cmder,29308
4489243,json,29232
38701,python-for-android,29178
1350237,ppsspp,28836
5042636,sonic-pi,28452
25991,zfs,28098
7528,libevent,27876
10842035,realm-cocoa,27648
20931597,bcc,27592
15940963,darknet,27558
5741726,golearn,27388
13337190,AudioKit,27376
52992,tig,27348
7656900,wkhtmltopdf,27332
25901840,AndFix,27312
8349120,webuploader,27252
13403042,Carthage,27188
10084678,libsass,27168
12603,freebsd,26868
3739051,watchman,26632
28864177,Perfect,26188
5140545,IQKeyboardManager,26146
29522,libzmq,25998
13521151,firefox-ios,25956
22053028,WinObjC,25840
4909,cjdns,25836
21483441,OpenRCT2,25772
3406875,buck,25580
15889688,coreclr,25092
5889,Cinder,25062
5142,cython,25026
17947867,kaldi,24936
21187402,android-ndk,24908
21575067,nuclide,24756
10495335,node-canvas,24624
15022227,roslyn,24612
89278,lwan,24440
13159881,proxygen,24436
17499,Quake-III-Arena,24318
2067,phonegap-plugins,24318
13668163,qt,24316
17530,shumway,24294
13093035,Flashlight,24192
8796303,mal,24092
3777,nixpkgs,24078
71,llvm,24030
14342,doom3.gpl,24018
3879861,calibre,23832
126780,openvpn,23598
19565452,CLRS,23436
121755,AlgoXY,23304
2252771,ssdb,23124
12607795,XVim,23004
29253,numba,22974
28563416,tensorflow-zh,22948
1227,MuseScore,22920
7691517,j2objc,22860
21330312,movfuscator,22804
9906217,phabricator,22738
9626384,atom-shell,22736
13511109,powerline,22532
18196222,rpcs3,22496
45433,muduo,22492
4594792,dolphin,22476
36374,nginx-rtmp-module,22389
13447331,nodemcu-firmware,22360
7297388,webogram,22348
21274,rbenv,22152
17404142,macvim,22136
21170493,Nim,22124
11705644,cool-retro-term,21884
1331862,poco,21870
26784969,react-native-desktop,21834
3293797,annoy,21812
7231843,SoftEtherVPN,21696
9393242,crow,21640
16356,cphalcon,21462
15191813,tinyrenderer,21303
21095166,xhyve,21140
12682853,delve,21138
17354,hello-world,21078
17962275,componentkit,20668
101238,sqlcipher,20664
12221068,EasyPR,20580
12656723,hammerspoon,20544
16609427,prism,20424
4043887,proxychains-ng,20236
417939,gitextensions,19758
8580389,bullet3,19696
8939434,rapidjson,19624
8335,libfreenect,19620
11702192,git,19556
10873458,hardseed,19554
45658,hue,19488
12031,rubinius,19464
4929,AndEngine,19446
25814105,pupy,19440
3697,nmap,19398
1312712,contiki,19356
17188864,blackbird,19148
12958,go-sqlite3,19134
8202207,fastdfs,19116
42972,USB-Rubber-Ducky,19074
1344422,hiredis,19026
15919481,i3,19024
877535,librdkafka,18918
14794450,Marlin,18880
13773,hbase,18834
3209,FreeRDP,18732
6015719,Squirrel.Windows,18732
1349059,ledger,18678
13608843,streem,18600
26901327,py-faster-rcnn,18507
59757,tess-two,18012
3521399,xctool,17996
24136525,GitUp,17988
2344,facebook-ios-sdk,17973
40863,mosh,17826
16389458,LaZagne,17820
854407,EventStore,17790
2916055,minetest,17784
18186213,Xiaomi_Kernel_OpenSource,17756
1933719,social-engineer-toolkit,17668
4482398,goaccess,17628
8837904,sysdig,17604
8824,cgminer,17544
27564,darktable,17472
17999809,z3,17468
6258588,v86,17376
22043615,mosh,17348
26557,litecoin,17232
30893902,ChakraCore,17202
131110,8cc,17196
7394527,htop,17172
795823,OBS,17172
2185,titanium_mobile,17166
17645532,msbuild,17164
8721,openscad,17142
23034,appledoc,17115
8284812,vimr,17096
43671,seafile,17073
639368,pyenv,17055
17676883,TeamTalk,17036
34957,Firmware,16944
2841644,redshift,16932
16618,eventmachine,16920
6143269,Mantle,16916
15548,luna,16905
39335,Quicksilver,16884
2822,Halide,16806
11876664,cpprestsdk,16804
9450327,hydra,16756
4297009,Atlas,16712
56505,AutoHotkey_L,16704
16575013,or-tools,16696
14622,firmware,16674
19860558,minio,16670
13228,node-fibers,16614
1838617,code,16544
12211732,mysql-server,16508
22184029,node-gyp,16500
8195,mumble,16500
20110,grbl,16482
252,rstudio,16386
3125388,RE-for-beginners,16320
19589092,neon,16268
11117,shogun,16248
3635801,rr,16224
4885,mpc-hc,16218
18659,Cinnamon,16210
158949,slate,16188
48099,OpenBLAS,16164
827419,lua,16122
18122786,bilibili-mac-client,16120
8102542,gperftools,16104
10628625,jsoncpp,16064
44428,TextSecure,16050
5591439,jemalloc,16036
603146,pthreads,16032
7930081,gopherjs,16024
27092515,motioneyeos,16012
10237904,Karabiner,15944
12336827,mame,15944
20096264,sdk,15936
3168596,keepassx,15888
13461821,sumatrapdf,15884
25818108,360Controller,15872
9049071,mimikatz,15870
174722,fontforge,15810
784448,console,15810
3805,tomahawk,15792
3470,OnlinePythonTutor,15780
2696876,pcl,15764
719210,lnav,15756
1526024,DOOM-3-BFG,15636
20315,wxWidgets,15594
8342186,kphp-kdb,15576
89813,tmk_keyboard,15558
202860,qemu,15534
10469223,fastsocket,15508
608704,BeeFramework,15468
3095,ShareKit,15468
19479433,openvr,15452
19342324,disque,15374
77027,magnum,15360
43061,supercollider,15312
4102215,nodegit,15304
5220347,nanomsg,15288
17387028,sanitizers,15252
129456,libvips,15174
958892,grammars-v4,15164
54695,NSLogger,15104
755495,NWPusher,15081
3929177,SASM,15076
36172,HexFiend,15072
13426463,i3,15072
15704905,arangodb,14856
1543447,ocaml,14850
11469777,re2,14816
24158194,solidity,14788
18664,clang,14742
209466,Xenia,14610
3499960,Tesseract-OCR-iOS,14596
217063,shotcut,14592
90372,KSCrash,14502
1362166,kxmovie,14466
45269,hadoop-book,14448
39075,cppcheck,14424
13335767,concurrentqueue,14412
28297,hackrf,14370
8350684,snappy,14356
12713,hive,14334
4068,jruby,14328
4720390,framework,14312
1768,Prince-of-Persia-Apple-II,14271
6992905,capstone,14268
6253397,openh264,14252
29671,CMake,14238
17466160,box2d,14228
6694533,exploit-database,14228
19131767,MachineLearning,14184
10039226,mapbox-gl-native,14104
15845303,flinux,14100
7034894,benchmark,14084
24177305,hackpad,14044
4371013,RetroArch,14040
44639,httpd,13980
898600,Torque3D,13980
3748,klib,13944
7372037,duktape,13932
6567990,s3fs-fuse,13892
25384,thin,13866
74,libuv,13848
55877825,Sonoff-Tasmota,13830
8804952,sonarqube,13808
8390,curl,13776
7150069,pcsx2,13776
6490831,wren,13752
5370926,libsvm,13668
8255972,renderdoc,13668
29355231,hashcat,13610
8964129,pyston,13588
11854803,YapDatabase,13580
11441,pyzmq,13548
12346148,siege,13392
21608,osxfuse,13353
5179902,Provenance,13304
22602596,jna,13268
26190527,shadowsocks-qt5,13266
138791,kakoune,13251
9982829,Pillow,13240
1911,PHP_CodeSniffer,13204
9357044,lua-nginx-module,13158
21530278,MBE,13156
5841321,node-sqlite3,13140
14812688,sirius,13128
3630462,ZeroTierOne,13036
12718778,Twig,13028
1886174,conky,13012
11084447,Signal-iOS,12992
3207718,FrameworkBenchmarks,12988
1344612,scikit-image,12980
39902,OmniGroup,12930
33171,i2cdevlib,12924
28301269,Wox,12922
17223254,glog,12912
8259,thrust,12894
7308496,skia,12888
7307002,grr,12888
26245476,omim,12880
491436,YOURLS,12873
18475,sshuttle,12864
9289602,flynn,12856
56341,ghc,12846
24539051,Autoware,12792
15959342,learnopencv,12774
3457,fr_public,12762
22043392,coturn,12752
6736272,sequelpro,12714
8308350,rofi,12696
49032,coq,12672
2260970,libsodium,12616
33239,pubsubclient,12606
103284,ghcjs,12600
10886734,node-ffi,12592
1379656,WizQTClient,12570
3168128,glTF,12540
13990,glusterfs,12540
12368,rhino,12480
11061834,duilib,12472
9668961,ledisdb,12464
19377,nix,12445
3327582,Debug,12442
16209,uwsgi,12402
11228557,jsonnet,12400
1386,statsmodels,12387
3164203,robomongo,12381
1129,mysql2,12360
20078281,node,201954
1334,rails,194348
3231,oh-my-zsh,189536
3912,Font-Awesome,147243
225764,resume.github.com,144090
392,brackets,141792
528,meteor,135489
770,redis,118620
6801328,jekyll,84212
540,ember.js,72918
6026,gitlabhq,70503
12258,devise,64743
11116784,Alamofire,63534
8109,SDWebImage,62874
2539527,discourse,61024
1348749,rethinkdb,55299
14328,jquery-pjax,54927
4944,vimrc,53958
7704341,neovim,53480
13860,ruby,52008
29261651,swift,51911
18006157,awesome-react-native,50064
20281355,Rocket.Chat,47978
6815,vagrant,45438
30464,pandoc,45402
6690250,How-to-Make-a-Computer-Operating-System,45357
1434,backbone-fundamentals,45116
6025265,fzf,44018
16827100,grpc,43970
2812,diaspora,43617
149332,textmate,42996
20096,yii2,42903
17911207,vim,41414
10088002,sass,40362
8778426,slick,39634
3174,folly,38931
4846,handlebars.js,38916
11724041,SwiftyJSON,38718
6824363,spacemacs,38700
940,chosen,37464
837,MBProgressHUD,37173
4234,capistrano,36780
2968,sinatra,36678
1646,mustache.js,36582
112249,WebViewJavascriptBridge,35673
11065419,terraform,35080
6151,MagicalRecord,33636
519,RestKit,32826
22102472,RxSwift,32714
9238699,consul,32310
5209,octopress,32139
9427,spree,31791
21244550,engineering-blogs,31734
1353232,mpv,31257
20429,paperclip,31149
6053504,devdocs,30876
11851,CocoaAsyncSocket,30087
3070,bootswatch,29961
67967999,historyclockimage,29657
18817009,SnapKit,29364
2719,sidekiq,29259
18421264,Kingfisher,29128
687922,rubocop,28923
6866209,homebrew,28092
27693,bourbon,27867
15783701,Spring,27346
7826,fpm,27339
11494393,activeadmin,27123
9802473,MJRefresh,26800
4399108,hub,26674
2007,janus,26538
6023628,Snap.svg,26469
18810686,Masonry,26224
19388130,vault,25874
24888,iTerm2,25056
11033744,Chameleon,24958
11457504,mui,24934
13345616,io.js,24928
11511,faker,24900
411,whenever,24786
2888,fluentd,23778
15841,simple_form,23760
10396186,DZNEmptyDataSet,23338
12885,rails_admin,23133
8992078,PromiseKit,23104
12607152,fetch,22821
23834,capybara,22698
6584,liquid,22503
1465,MWPhotoBrowser,22467
28032966,fastlane,22360
20450796,JSPatch,22344
3075805,huginn,22312
21613416,platform,22312
9286541,tldr,21928
19903,spectacle,21600
12639184,AsyncDisplayKit,21530
14550,Nancy,21492
4095,elasticsearch,21474
10999783,FLEX,21434
118,cancan,21267
27329,pandas,21087
1651970,better_errors,21003
26047131,zulip,20972
24397,linguist,20952
13574414,animated-tab-bar,20904
9510870,WebFundamentals,20894
1896,progit,20391
45313,webfontloader,20382
22059069,Moya,20270
9570828,JSQMessagesViewController,20268
280535,nodePPT,20172
16166,guard,20103
26260360,Eureka,20102
1036,middleman,20076
218710,cheatsheets,19896
11461596,bootstrap-material-design,19579
18869596,UITableView-FDTemplateLayoutCell,19578
9570147,homebrew-cask,19566
5846748,slate,19554
948188,guides,19311
15756,dotfiles,19233
316,kaminari,19161
9793,sympy,18954
18571,githug,18696
847,puppet,18570
20282,redis,18495
310,grape,18465
1340597,dashing,18453
2244,factory_girl,18429
10412,omniauth,18318
16801,blueprint-css,18222
5636078,docker-gitlab,18117
766,asi-http-request,17925
12666384,h2o,17840
7058,pry,17751
3217567,resque,17628
11830003,SlackTextViewController,17438
22528,formtastic,17397
7001,Reachability,17313
3746639,carrierwave,17238
22043388,NVActivityIndicatorView,17162
23569,brakeman,17142
11428873,mailinabox,17100
1530881,howdoi,16950
10642813,Quick,16946
16820,oocss,16920
6278048,PNChart,16890
9792229,MJExtension,16776
9419,ccv,16764
16729,geocoder,16617
38366,dnscrypt-proxy,16602
20138,SVPullToRefresh,16464
274,will_paginate,16419
17729147,ios-charts,16186
1091,friendly_id,16053
21571,casperjs,16044
10394777,sandstorm,16008
174642,Sylius,15984
17277,javascript-state-machine,15810
12659542,ObjectMapper,15748
53095457,iina,15678
7178,foreman,15627
13535939,jasmine,15614
7035874,bootstrap-sass,15576
10312696,compass,15484
27712743,metabase,15384
20743223,notepad-plus-plus,15322
5162,twitter-bootstrap-rails,15297
5410,macvim,15252
10972,httparty,15132
20119964,waifu2x,15056
11124,acts-as-taggable-on,15018
6241,BlocksKit,14913
10912,mruby,14874
5693,XMPPFramework,14871
1438441,active_model_serializers,14745
344,delayed_job,14706
9908329,FLAnimatedImage,14646
3545,dotfiles,14412
5245,twitter,14376
33565,authlogic,14307
2093,fog,14292
4911,TPKeyboardAvoiding,14256
5042636,sonic-pi,14226
7751311,tmuxinator,14178
1362806,draper,14166
10630786,CryptoSwift,14136
30928,couchdb,14133
17302013,logstash,14128
27586452,trix,14109
10325993,Cartography,14102
10464490,LTMorphingLabel,14042
8380797,2048,14002
9570005,Aspects,13964
1710214,aws-sdk-js,13929
16247,dotfiles,13812
2558,foundation,13705
8349120,webuploader,13626
10832091,SVProgressHUD,13620
10084678,libsass,13584
11322265,MGSwipeTableCell,13570
5305,beautiful-web-type,13548
168,markup,13497
19593,lolcommits,13437
3739051,watchman,13316
11473240,Onboard,13270
1526285,vcr,13239
4730679,YYKit,13127
11372864,origin,12996
13521151,firefox-ios,12978
1565,rspec-rails,12951
1457347,pundit,12888
13981078,R.swift,12888
696102,refinerycms,12876
8358699,Shimmer,12836
267105,gvm,12687
3081764,gollum,12564
8566,gocode,12540
28315,sicp-pdf,12516
10296,emoji-cheat-sheet.com,12510
9868545,synx,12376
19185,dotenv,12375
1749436,JSONModel,12372
10117832,jazzy,12366
3475441,nupic,12356
12305915,SQLite.swift,12326
60130,ZXingObjC,12312
12279655,Reachability.swift,12286
608,errbit,12267
14301706,XLPagerTabStrip,12248
4276991,packer,12218
20051,fnordmetric,12171
21122,graphite-web,12168
18351,t,12159
13762,sequel,12144
13093035,Flashlight,12096
30383770,OpenAPI-Specification,12073
13041777,YTKNetwork,12062
1528221,PrestaShop,11982
6149,simplecov,11973
28858802,redash,11952
775774,opal,11949
21276,prawn,11928
592471,PonyDebugger,11916
26728,rack,11913
85362,wpscan,11886
231,celluloid,11874
8592995,react-rails,11824
7982,prototype,11781
8776028,DateTools,11664
6883,haml,11646
3759006,Amethyst,11572
72497,mailcatcher,11547
9861,redcarpet,11538
36413,bullet,11526
12607795,XVim,11502
9841595,popping,11432
4123965,RESideMenu,11422
11354,virtus,11418
36943,pyinstaller,11396
5604899,SWTableViewCell,11366
18825,rabl,11361
5980,bones,11352
13633412,TTTAttributedLabel,11312
3529137,BOOTSTRA.386,11298
17886339,SDCycleScrollView,11266
27766,SocketRocket,11223
18781026,ResearchKit,11188
12132,rails-i18n,11178
183598,xiki,11151
3572704,json-api,11106
106864,easings.net,11106
9104065,XLForm,11102
20616039,FDFullscreenPopGesture,11090
25963,peity,11085
2857,zeus,11073
17404142,macvim,11068
5008,jekyll-bootstrap,11013
161036,neat,11010
243431,OHHTTPStubs,11004
968984,turbolinks,10956
26322,typhoeus,10920
3828093,minimal-mistakes,10914
8206542,KVOController,10898
11254,QuickDialog,10896
29527,Sick-Beard,10833
29914,redis-rb,10779
17735,fat_free_crm,10770
7641,nimbus,10758
98973,jQuery-Mask-Plugin,10758
3631279,MMDrawerController,10748
39059,vim,10746
1416338,strider,10740
55792194,Mos,10710
839476,mechanize,10650
7345298,dc.js,10622
11019,padrino-framework,10590
15435558,TextFieldEffects,10568
25866253,sinon,10424
22041839,rancher,10410
6312005,AMScrollingNavbar,10372
2975,gist,10368
4484746,quine-relay,10356
13537680,scientist,10348
6035271,influxdb,10338
17962275,componentkit,10334
17802,mongoid,10314
12656723,hammerspoon,10272
23034,appledoc,10269
18441086,PermissionScope,10222
3368849,vim-multiple-cursors,10198
10515362,redis-3.0-annotated,10178
6045,node-opencv,10176
6146926,exercism.io,10160
13021,suspenders,10146
30508301,influxdb,10102
31322879,Material,10060
19719314,SwiftDate,10020
33145,clearance,10005
10882881,starscream,9950
434,data,9939
68508,rack-attack,9897
10140572,SCLAlertView-Swift,9892
10063334,Masonry,9854
1845441,bash-git-prompt,9854
11665863,HanekeSwift,9818
26125578,otto,9804
4238,bootstrap-wysihtml5,9786
793139,ReactiveUI,9776
17270,InAppSettingsKit,9765
12031,rubinius,9732
2705,mail,9714
359,state_machine,9711
5534142,JazzHands,9694
14480973,KeychainAccess,9686
2055,redmine,9678
10947458,pghero,9664
30125644,folding-cell,9586
1385797,gemoji,9582
26138121,Neon,9574
3825551,bundler,9556
6848,jbuilder,9513
1838223,GitGutter,9500
10192171,SwiftWeather,9484
5522468,JVFloatLabeledTextField,9436
74972,lolcat,9393
1298,koala,9393
7356138,sicp,9390
1357,susy,9324
16351327,LTNavigationBar,9308
13608843,streem,9300
12726,Toast,9264
12600482,fast-ruby,9250
11740562,pup,9220
13336077,Github-Changelog-Generator,9212
13058920,Soundflower,9138
7233,sunspot,9120
1397979,aws-sdk-ruby,9114
11011866,Async,9098
24136388,react_on_rails,9064
6993975,intercooler-js,9046
5759,mercury,9042
16792234,Wappalyzer,9036
1545591,openproject,9033
11206387,samples,9012
3521399,xctool,8998
6442229,ransack,8988
10521722,Sparkle,8986
9766644,Cpp-Primer,8974
3637549,FlatUIKit,8954
1825768,casperjs,8900
13668,jquery-ujs,8889
13631210,reaction,8878
13043,TTTAttributedLabel,8868
1459566,moloch,8865
11578477,Surge,8860
1408479,rest-client,8856
1969213,GCDWebServer,8790
18152,jQTouch,8787
2604933,JLRoutes,8780
40964011,Karabiner-Elements,8772
9349662,MessageDisplayKit,8768
14061,sammy,8757
2290,Reader,8718
34709,django-grappelli,8706
31637091,turbolinks,8684
4376,rails-erd,8646
38823,sensu,8640
24917798,web-design-standards,8606
89634851,sorry,8592
54129,play,8586
12665,reek,8568
321869,WordPress-iOS,8553
26361,cw-omnibus,8552
8284812,vimr,8548
25725,otp,8540
22044365,ImagePicker,8530
7364862,simditor,8512
1498950,rails-api,8511
17827,flockdb,8511
39335,Quicksilver,8442
9042228,setup,8426
23598943,BabyBluetooth,8426
55347,minitest,8424
22029287,Koloda,8416
17855972,augmented-traffic-control,8370
18530655,git-lfs,8340
9614935,Kiwi,8338
10280058,phpbrew,8314
39594,SVGKit,8286
8195,mumble,8250
882750,PSTCollectionView,8250
380,cheddar-ios,8232
14122593,VPNOn,8228
19860,inherited_resources,8190
16766337,Atlas-iOS,8178
10412281,macdown,8168
28401052,YYText,8138
1597489,nui,8115
26511493,Instructions,8090
25173953,SwiftyStoreKit,8064
6313,jquery,185376
37,angular.js,173898
4516,laravel,146433
14877,git,86253
10313229,rust,78396
5603,php-src,75192
5101,jQuery-File-Upload,67630
20078281,node,67318
6806,composer,63240
14945138,XX-Net,60450
6437914,ionic,59420
56050,Faker,57507
7098727,AdminLTE,55492
3360645,phaser,53304
1992097,framework,50508
15114954,caddy,46074
12695,monolog,45297
18104,guzzle,44520
2696,phpunit,44250
6093,julia,43778
6801328,jekyll,42106
12343173,CodeIgniter,39068
3516,jquery-mobile,37086
6845,WordPress,36387
5831963,hhvm,35704
10576004,material,35516
739410,Carbon,35235
2284,PHPExcel,34551
3644,jquery-ui,32391
16356,cphalcon,32193
12923,PHP-Parser,30315
5754,_s,30075
9316,cakephp,29004
29304481,reactos,27532
61075,uuid,26685
21752,jsdom,24972
11672,swiftmailer,24930
1877118,shadowsocks-android,24924
13576983,handsontable,24882
3354167,PHPMailer,24806
11162094,grav,23224
524804,core,22824
977,seajs,21897
4431925,parsedown,21726
1370924,react,21303
1353232,mpv,20838
135337,Console,20832
13424293,Cachet,20342
663065,Mobile-Detect,19914
1911,PHP_CodeSniffer,19806
10277858,toxcore,19454
71483,ReflectionDocBlock,19323
2302971,phpdotenv,18970
38124,Finder,18714
14609176,flarum,18670
3085,xbmc,18590
8117156,MagicMirror,18532
3128083,whoops,18374
8160874,Framework7,18276
14825,php-code-coverage,18273
2309756,image,17918
38077,Process,17898
237290,Routing,17844
9164060,api,17680
6636898,october,17490
2727,jquery-validation,17340
7562963,flysystem,17320
1430096,colour-schemes,17199
200897,php-timer,16734
15554578,wechat,16534
21575067,nuclide,16504
13981,predis,16455
315172,Translation,16290
1717,TrinityCore,16266
11634539,jwt-auth,16250
23203,magento2,16220
200865,php-file-iterator,16176
200874,php-text-template,16113
200892,php-token-stream,16086
738725,gron,16086
24828418,walle-web,15884
13340004,PHP-CS-Fixer,15880
15791422,editor.md,15836
900,opencart,15603
6848736,workerman,15602
1372028,dompdf,15438
11007523,paperwork,15376
13335590,Goutte,15300
6488172,OnsenUI,14982
11600,CssToInlineStyles,14964
2045,libgit2,14958
1964790,log,14566
3134642,ansible-examples,14218
24444,phpmyadmin,14100
8743391,Laravel-Excel,14078
588,fullcalendar,14058
125395,simpl,13896
3786656,EmailValidator,13886
18773197,lumen,13704
173433,phpunit-mock-objects,13683
75598,Validation,13611
1037420,Lychee,13131
15196846,deployer,13026
4909,cjdns,12918
25826264,laravel-permission,12868
3215872,prophecy,12822
22046843,random_compat,12816
200146,countries,12762
26212465,http-foundation,12722
21124647,TypeResolver,12616
183,zf2,12614
2776,URI.js,12579
4203,html5demos,12570
9384,wp-cli,12567
10313339,flatbuffers,12516
2601228,entrust,12496
20693283,ReflectionCommon,12428
27307081,event-dispatcher,12372
16795177,Slim,12176
1386879,WebRTC-Experiment,12160
29173640,showdoc,12117
26130969,http-kernel,12094
35155,Imagine,12087
206279,cron-expression,12078
4652877,DeepCopy,12060
87033,PHPWord,12024
11387,Codeception,11946
55,yui3,11925
22807,anchor-cms,11811
5842750,linux-dash,11770
2252771,ssdb,11562
12224979,var-dumper,11538
6699359,typecho,11426
14230337,assert,11348
14296081,phpredis,11322
16782015,sage,11278
2598645,diff,11250
2184,joomla-cms,11235
4491899,TrustedProxy,11186
10898284,pagekit,11180
7297388,webogram,11174
20450796,JSPatch,11172
20374,jstree,11055
2560,yii,11028
18428995,php-pm,11026
29550241,koel,10943
26377134,css-selector,10914
19189656,azure-quickstart-templates,10762
2157,elFinder,10647
2826050,php-jwt,10584
6254482,comparator,10572
25677,Jcrop,10545
9510870,WebFundamentals,10447
6276091,google-api-php-client,10434
2696931,exporter,10352
53537495,blog,10312
7881664,environment,10312
6396057,hamcrest-php,10302
2628322,version,10230
123425395,chameleon,10204
11560131,global-state,10140
22198050,fullcalendar,10126
15425587,recursion-context,10110
1207,pyrocms,10095
14294826,core,10032
6575470,PHP-Console-Highlighter,10006
10310416,Ratchet,9982
9073876,PHP-Console-Color,9966
2886,drupal,9903
3486,roundcubemail,9900
31486459,object-enumerator,9900
1350219,aws-sdk-php,9813
22328983,resource-operations,9786
11702192,git,9778
29352245,prestissimo,9750
10548444,php-xdg-base-dir,9746
29643,phpseclib,9744
505287,hashids.php,9693
7921108,humhub,9586
56659,Behat,9585
16792189,psr7,9562
8202207,fastdfs,9558
31719,php-webdriver,9540
7466,h5ai,9525
1398,adminer,9477
23830,mootools-core,9396
15762,woocommerce,9363
10222861,http-message,9308
20810,country-list,9195
16792845,promises,9078
27258,highcharts.com,9012
901629,oauth2-server-php,8919
9682053,tablesaw,8802
4538,SubtlePatterns,8778
1387588,Ink,8616
8449086,jwt,8612
5049971,sovereign,8590
14227639,openbay,8540
10407448,nodebeginner.org,8536
29148918,xxl-job,8489
31402,dokuwiki,8427
7562587,oauth2-server,8426
9843488,manong,8356
3304945,wechat-php-sdk,8330
268284,swagger-php,8322
5672,backbonetutorials,8286
5385,php-resque,8235
11451344,socialite,8208
13340928,ss-panel,8144
9848144,scribe,8120
4251,phpDocumentor2,8112
1437288,bootstrap-multiselect,8067
20414,snappy,8055
25946909,api-platform,8024
603146,pthreads,8016
3806812,Laravel-MongoDB,8002
12336827,mame,7972
24278680,laradock,7956
7653971,VVV,7896
12652296,facebook-php-sdk,7884
48626300,PayloadsAllTheThings,7867
20315,wxWidgets,7797
581,mono,7791
8342186,kphp-kdb,7788
481632,Filesystem,7782
5446,cappuccino,7776
1401661,phinx,7755
39360,fatfree,7749
226276,sql-formatter,7737
7657266,wallabag,7662
19488061,awesome-appsec,7650
17050906,Learn-Laravel-5,7598
7001356,bedrock,7590
958892,grammars-v4,7582
367,Electrum,7510
6178378,WP-API,7442
57334313,monica,7438
25793,jison,7437
19853249,openshare,7424
10438022,wysiwyg-editor,7408
29523,hybridauth,7395
64678,Yaml,7356
15821416,Laravel-5-Boilerplate,7302
2187,Search-Replace-DB,7257
1654,www.html5rocks.com,7194
39044,webgrind,7188
24642,CamanJS,7173
4068,jruby,7164
10537914,react-tutorial,7112
8945119,KODExplorer,7108
29930884,think,7062
1875,tipi,6999
898600,Torque3D,6990
28247,php-markdown,6966
5349,popcorn-js,6936
55877825,Sonoff-Tasmota,6915
1529,collectd,6909
8804952,sonarqube,6904
3391969,git-ftp,6900
5076,pnotify,6897
21153789,whatiscode,6852
14043,cufon,6846
8009398,FastRoute,6824
21837,gitlist,6822
18115030,Laravel-lang,6822
20902395,sovereign,6754
3280997,Medoo,6754
2256873,zTree_v3,6696
12346148,siege,6696
8541591,jQuery,6686
1369530,Laravel-Administrator,6684
5031823,mautic,6664
9696062,homestead,6632
24953914,fuzzdb,6626
6050,Flotr2,6597
30369843,laravel-admin,6571
28234260,ip2region,6545
20375442,laravel-backup,6512
11793603,DeerResume,6496
3207718,FrameworkBenchmarks,6494
595203,drush,6489
17519,assetic,6465
26245476,omim,6440
14989,FOSUserBundle,6402
556489,sqli-labs,6375
21416,SonataAdminBundle,6351
22094578,graphql-php,6348
130043,Config,6348
16259368,l5-repository,6296
1379656,WizQTClient,6285
6401040,snipe-it,6262
84412,slugify,6198
20374325,laravel-medialibrary,6186
10975424,licecap,6154
12246131,EasyDarwin,6136
19126917,Chat-API,6106
27776563,polyfill-mbstring,6056
1386209,FileAPI,6036
1545591,openproject,6022
61728,phpRedisAdmin,6015
40943,vesta,6015
176465,json-schema,6012
8383891,mozjpeg,5986
26666,Elastica,5985
11321166,gcc,5972
12459174,scotch-box,5970
25728535,blog,5964
9820092,server,5944
7865651,godot,5938
22089512,phpspider,5934
8516218,fis,5896
11752910,pinyin,5876
5457791,rainloop-webmail,5864
11825419,svgedit,5860
19724343,laravel-datatables,5846
15977326,html,5840
8347675,kityminder,5830
8717081,DoctrineExtensions,5822
5386300,mobile-detect.js,5808
17647452,grumphp,5808
2224956,Trumbowyg,5806
3182,sentry,5793
265653,LittleProxy,5768
6758559,FoundationPress,5764
11432122,rocketeer,5762
7415,mit-license,5733
6139251,polr,5704
3097452,bootstrap-calendar,5704
89607,flight,5703
6800623,api-samples,5660
2615807,Codiad,5648
114167,phpbb,5640
1396558,wwwsqldesigner,5628
20707421,ctags,5624
66136,stripe-php,5619
48352,pfff,5610
21913581,fis3,5606
5465315,rippled,5606
20138487,ImageMagick,5602
13720,selfoss,5598
28485,msysgit,5589
17294597,elasticsearch-php,5576
7562315,fractal,5568
10070,symfony-docs,5535
43113,spring,5526
8645813,migrations-generator,5508
141694,satis,5502
6399876,ossec-hids,5500
35250605,Modaal,5474
25265021,Sn1per,5460
19466424,ntopng,5444
179381,database,5430
11371,Bonfire,5412
48099,OpenBLAS,5388
11975,symfony-standard,5382
3996688,php-debugbar,5360
1009774,xdebug,5355
10659,kohana,5343
98846,spksrc,5340
8924,jquery-tokeninput,5334
3795273,doxygen,5262
28769,redbean,5247
16758017,php-must-watch,5244
4045081,eloquent-sluggable,5238
39312,PHP-CS-Fixer,5232
75957,ace-builds,5226
25681,NelmioApiDocBundle,5220
24525792,cache,5210
2898,mongo-php-driver,5202
2080,dojo,5190
7808399,php-encryption,5170
21127,el-get,5169
5598479,bootstrapvalidator,5166
3237506,libphonenumber-for-php,5150
13448596,ReCAPTCHA,5146
21020614,Project,5142
3664437,PHPCI,5134
2261072,w3af,5086
331875,ChaiScript,5085
3138271,ProxyManager,5064
22136279,yaf,5024
7306035,PHP-FFMpeg,5012
278366,charisma,5010
4765,bigbluebutton,5004
4780795,zimg,4998
39735,python-markdown2,4992
22205189,ignite,4990
2995762,history.js,4978
10349838,xhprof,4970
5585698,oauth2-server-laravel,4948
1836972,scws,4944
8249,FOSRestBundle,4926
3808946,puphpet,4898
209466,Xenia,4870
16180577,core,4866
22762,minify,4862
425122,tesseract-ocr-for-php,4854
18085,fuel,4842
4794575,zephir,4830
11409953,RecordRTC,4828
11107988,php-langspec,4812
29123233,highcharts,4804
6576513,instantclick,4786
4961183,php-curl-class,4782
13360331,HockeyKit,4776
22092982,etherwallet,4770
4189282,daux.io,4770
8246028,wesnoth,4768
15149419,spout,4742
14441,HWIOAuthBundle,4740
11902,Silex,4728
4192078,patternlab-php,4698
123640,phpspec,4695
1354162,alice,4656
5455827,SuiteCRM,4656
23372065,agent,4628
176067,assert,4611
8390,curl,4592
84469,Validator,4587
13348074,Pimple,4578
28857969,Instagram-API,4573
16798726,Laravel-5-Generators-Extended,4536
12190410,cleanflight,4512
1746780,Stopwatch,4509
10537426,flash,4508
56374,mockery,4496
1382487,promise,4494
52985,password_compat,4491
7566853,oauth2-client,4482
36727,activemq,4479
4419607,github-updater,4476
6368,kuma,4467
2790,phpcpd,4458
1267,ZendSkeletonApplication,4458
21852,Gaufrette,4452
17711929,laravel-wechat,4450
3040416,pfsense,4450
14477484,freecodecamp,477408
1155356,javascript,264378
3905191,react,259994
6445576,You-Dont-Know-JS,204250
431,animate.css,188958
4708601,bootstrap,178356
22101095,redux,167496
1920,three.js,166518
19388,markdown-here,154540
3377,html5-boilerplate,147546
27601818,vue,139637
13465629,go,125342
1486,ansible,118851
334,reveal.js,117642
2691,d3,114978
9626183,atom,107854
7294,nvm,107658
12159636,angular,105318
10941284,TypeScript,103490
143612,webpack,101406
20861785,ant-design,98112
3137,pdf.js,86298
6772800,json-server,82988
6611508,Semantic-UI,82584
4560965,moment,82294
2876,async,81963
28947324,vscode,80406
12680085,material-design-icons,79388
11632333,materialize,76736
5183711,lodash,72456
21426700,gatsby,72054
105757646,deno,70716
2236,dotfiles,67932
96553,sails,66825
22042509,material-design-lite,65636
11216582,awesome-react,64786
181526,sentry,64386
16351512,babel,63710
11750891,material-ui,61748
22041940,socket.io,61330
157290,RxJS,59661
54491,Swiper,58068
10390278,hexo,57170
5524547,cpython,56776
17466934,RxJS,56736
7149279,gulp,56556
940,chosen,56196
1996840,Leaflet,56145
11471397,axios,55396
9527814,grafana,55142
3676758,todomvc,54974
11094978,immutable-js,54644
4003838,pm2,54336
11156150,syncthing,54270
26172924,clipboard.js,53464
3601879,video.js,52934
90073,Faker.js,52152
3228357,echarts,51702
9678863,jest,51486
284,mongo,50655
9682,nodemon,50496
7930999,gogs,50462
6218854,free-programming-books-zh_CN,50297
2363758,prometheus,49384
5504302,fullPage.js,49260
13348971,mermaid,48342
4591222,koa,48338
1043143,bootstrap,47964
12911997,request,47820
5224,q,47526
114,zepto,47295
11072234,express,47002
25601631,preact,46972
10423929,uBlock,46718
26985008,N1,46488
52463,jsPDF,46251
20891188,angular-cli,46192
12607152,fetch,45642
5768596,Ghost,45404
10373,html2canvas,45033
7299184,hackathon-starter,44884
100,angular-seed,44430
10610,statsd,43494
11140376,postcss,43480
21578,v8,43341
22194311,vuex,42656
5313,tomorrow-theme,42384
10777706,hammer.js,42120
9025349,quill,41560
1055,passport,41223
11794421,react-starter-kit,41134
2558,foundation,41115
634,symfony,40954
15012233,nw.js,40594
9098258,cheerio,40468
3246,emscripten,40320
7845,superagent,40263
18904813,electron,40230
10372914,web-starter-kit,40024
18743313,dragula,39814
11784159,particles.js,39722
14279,highlight.js,39639
12150380,sweetalert,39534
1410770,fks,39483
146476,fastclick,39453
13071,SwitchyOmega,39234
11461596,bootstrap-material-design,39158
100924,glances,38736
11608399,pure,38550
2989453,sequelize,38172
12752196,mocha,38020
5635,skrollr,37935
3722347,polymer,37316
9861851,socket.io,37218
11734247,CodeMirror,36940
7216211,Hover,36934
4234273,less.js,36610
46159467,freecodecamp.cn,36607
3818,node-browserify,36177
26340507,date-fns,35884
8937352,gitbook,35870
16922941,NativeScript,35740
11491258,autoprefixer,35666
75465,store.js,35376
896266,luigi,35199
34388,vimium,35061
9039695,nightmare,34802
9422,fish-shell,34641
3388388,bower,34520
11611140,react-select,34506
25813988,popmotion,34394
5507363,bluebird,34332
9663874,coffeescript,34328
11010021,flux,34322
22045678,pixi.js,34296
8514,raphael,34062
22047350,react-motion,33578
1366503,svgo,33336
9345057,es6tutorial,33166
1999035,learnGitBranching,33096
10192058,react-bootstrap,32800
27478957,netdata,32669
7834592,drone,32570
21676222,tesseract.js,32544
20364539,rollup,32458
536165,stream-handbook,32229
22132266,tips,31980
14210902,weui,31818
13696924,hexo-theme-next,31808
14098,radare2,31743
4376706,underscore,31732
5123174,ramda,31620
6193207,js-xlsx,31590
12296078,node-lessons,31400
12750961,commander.js,31258
17845262,react-demos,30838
11620775,keystone,30806
3430,mousetrap,30705
28009,FileSaver.js,30612
5230,express,30336
7015229,Sortable,30132
3321949,the-way-to-go_ZH_CN,29996
1742,jquery-cookie,29898
2847808,ui-router,29882
3240896,ngrok,29848
9122949,velocity,29816
8127,matplotlib,29781
7212135,npm,29716
7332776,eslint,29708
1395695,locust,29547
20810216,gitea,29496
11619995,protobuf,29394
7803564,vue-router,28868
17384,paper.js,28551
7735464,phoenix,28546
12219828,vue-devtools,28280
27217380,recompose,28278
10188993,husky,28122
718118,zxcvbn,27597
3714,connect,27426
24769903,react-native-web,27408
8140956,pyspider,27362
3827217,N-blog,27284
3656,bootstrap-datepicker,27255
22087354,relay,27238
4986,Respond,27222
22015744,graphql-js,27198
52062484,rxdb,27147
9636546,octotree,27122
7949,UglifyJS,27096
14722879,mojs,27074
17904496,mongoose,26942
4104353,mitmproxy,26694
15039139,blessed-contrib,26622
27261269,amphtml,26596
17692055,js-cookie,26574
4376708,backbone,26560
558679,UglifyJS2,26505
36713,node-mongodb-native,26442
3747964,node-inspector,26346
5049584,sharp,26312
5061354,nprogress,26200
62973,remark,26163
6072,BrowserQuest,26154
4580307,uikit,25966
27701,toastr,25890
1597230,interact.js,25758
24149266,gotty,25720
5414190,RedisDesktopManager,25586
29662323,serverless,25577
2389915,howler.js,25476
921189,GreenSock-JS,25335
1030091,Numeral-js,25328
21577612,react-redux-universal-hot-example,25198
862,SignalR,25131
16174927,react-canvas,25124
10146,node-http-proxy,25041
1394906,etherpad-lite,24975
15592045,standard,24886
902679,pomelo,24792
30988985,express,24786
1285,html5shiv,24666
683351,backbone.marionette,24627
14771481,select2,24616
8214553,revel,24512
11152037,joi,24390
3094909,intro.js,24384
18045,spin.js,24273
3457973,Mock,24222
22045611,redux-form,24194
421434,bootstrap-daterangepicker,24186
23721930,recharts,24118
3329997,stackedit,24102
22042207,react-boilerplate,24036
21757775,impress.js,24024
9986737,vivus,23980
20743170,material-theme,23966
8478942,chartist-js,23918
13752290,framework,23816
7183,natural,23721
13694299,homebridge,23684
10518218,critical,23670
11151475,hapi,23636
631244,Fuse,23628
29670,fabric.js,23628
4922202,CodeHub,23620
3103499,Chart.js,23522
14952,node-postgres,23514
40530,markdown-js,23505
8184,syntastic,23364
6301,jshint,23118
1393572,cow,23085
7431468,validator.js,23054
8497,nvd3,23010
16537,supertest,22971
19626,OpenEmu,22848
29172,brain,22824
22105376,react-redux-starter-kit,22728
8970646,smartcrop.js,22714
5800439,webtorrent,22612
971750,bootstrap-select,22545
12750637,co,22416
23238531,wekan,22376
22841,django-rest-framework,22335
12578894,lazysizes,22314
5176747,feathers,22110
18795,brunch,22068
10280345,android-training-course-in-chinese,21982
56136,debug,21978
10804719,react-hot-loader,21946
6967282,SpinKit,21926
8975135,lowdb,21762
27281253,volkswagen,21692
13566846,classnames,21670
30272024,vue-cli,21644
10874647,webpack-howto,21628
9789111,NodeBB,21574
20161965,electron-react-boilerplate,21506
21420256,react-helmet,21416
23364400,nsq,21234
12974885,dashboards,21204
295,JSON-js,21183
17797320,black-screen,21172
15915189,winston,21136
5696,SlickGrid,21048
21959,picturefill,21039
23560871,mostly-adequate-guide,21018
21932372,chalk,20938
13335031,twemoji,20920
10997213,react-router,20740
7123271,card,20684
15513,keymaster,20637
7211958,react-devtools,20602
7590868,virtual-dom,20486
28356853,Nativefier,20374
181023,qBittorrent,20364
15601873,ws,20346
11136338,gun,20284
12776408,jade,20200
8932041,pouchdb,20196
10104856,node-sass,19995
34741,webui-aria2,19974
2661,jquery_lazyload,19959
29146763,uppy,19922
25786233,adonis-framework,19896
675,requirejs,19878
10815238,react-intl,19876
12752080,bokeh,19864
5271444,solved-by-flexbox,19858
3482,sigma.js,19791
3770252,Inquirer.js,19778
27471,chrome-app-samples,19772
7753732,systemjs,19732
7033,rickshaw,19698
24139115,falcor,19572
5062667,bootstrap-table,19550
1972576,dropzone,19546
2717829,typeahead.js,19528
2719,sidekiq,19506
7216824,convnetjs,19496
48110,DataTables,19413
22224104,aos,19402
22041498,redux-devtools,19364
7774,gmaps,19314
52321,MathJax,19308
23710602,flatpickr,19272
2249947,knex,19224
16523249,loaders.css,19064
18911,clojurescript,19011
20857922,lib-flexible,18930
30500617,material2,18908
101854,mopidy,18846
20809368,purifycss,18772
17296591,kibana,18758
16415055,plyr,18722
13235,page.js,18690
22214017,dash,18630
20666911,medium-editor,18570
4472440,KaTeX,18542
1961397,lets-chat,18518
5435325,ScrollMagic,18470
14660968,is.js,18396
1028984,grunt,18390
3815119,mean,18362
11808128,dotenv,18350
1480937,perfect-scrollbar,18292
15962985,essential-javascript-links,18264
26185,chai,18114
22058259,marko,18056
19093,fuelux,18042
1088,linux,228903
5455,youtube-dl,152304
10512714,awesome-python,140348
5219,scikit-learn,111855
1173,scrapy,101226
18521760,thefuck,92296
22091370,kubernetes,91404
3894,httpie,86163
10847503,awesome-machine-learning,82618
390,requests,81417
424503,you-get,76311
22087532,big-list-of-naughty-strings,66402
26108963,flutter,64925
14537323,shadowsocks,57962
1085,flask,57120
1834,python-patterns,56790
31810056,models,55751
1002457,jieba,54348
4135,scala,50496
28204,YouCompleteMe,48846
11227723,source-code-pro,47208
18059067,keras,46608
961,ipython,45975
6223,sqlmap,41619
997968,hosts,39705
10011155,the-swift-programming-language-in-chinese,38736
26624,celery,38688
565654,jq,37515
2331699,Probabilistic-Programming-and-Bayesian-Methods-for-Hackers,37286
334935,Python,36192
5167,fabric,35634
28686845,TensorFlow-Examples,33035
6013,numpy,32667
20431860,data-science-ipython-notebooks,32496
52463,jsPDF,30834
22056630,nerd-fonts,29776
7537,kivy,29673
9402294,rclone,29090
1799,Theano,28911
3137,pdf.js,28766
7770,pelican,27948
1361727,zipline,27063
3045,memcached,26931
22045218,httpie,26494
6690806,libuv,25918
8630305,data,25552
16778926,compose,24468
25822,nltk,24252
22084657,googletest,24178
21586367,letsencrypt,23946
9524590,sqlitebrowser,23630
26985008,N1,23244
36129,twemproxy,23142
767301,speedtest-cli,22143
118137,SwitchHosts,22128
21382248,mxnet,21506
10750154,awesome-java,21232
14098,radare2,21162
20830713,tqdm,21088
22041839,rancher,20820
23600889,python-machine-learning-book,20720
209296,autojump,20583
14965067,hosts,20339
3816,boto,20286
18022219,Arduino,19734
17664785,yapf,19476
6205,tweepy,19425
18475,sshuttle,19296
10505,gunicorn,19056
83460809,faceswap,19009
4655050,neural-networks-and-deep-learning,18960
31723,scipy,18777
6276214,openage,18702
799,linux,18639
10200435,kubernetes,18570
12831,peewee,18540
1354207,Faker,18450
13378441,corefx,18117
2909122,tengine,17922
46368,pdf2htmlEX,17856
16948090,vnpy,17636
3346024,mackup,17614
7266,networkx,17502
7197777,micropython,17482
12579794,ChatterBot,17470
27142,pip,17463
391903,seaborn,17418
17954742,magic-wormhole,17416
33523,rabbitmq-server,17412
31340100,CNTK,17334
1356110,word_cloud,17151
36943,pyinstaller,17094
23703003,caffe2,17078
31095152,ItChat,17020
45433,muduo,16869
10476134,cayley,16848
20893537,jupyter,16670
1900277,shadowsocks-iOS,16554
8806737,use_vim_as_ide,16538
18162315,go-ipfs,16530
11194371,musicbox,16500
26688,supervisor,16374
1912872,aws-cli,16368
119372,paramiko,16314
84149,systemd,16299
26535,postgres,16248
81335,Catch,16173
22059760,Iosevka,16144
7641,nimbus,16137
1263208,yowsup,16047
1042872,nsq,15987
11638,readthedocs.org,15909
14826353,tushare,15798
11727010,robotjs,15790
5838603,ionicons,15692
18465311,MLAlgorithms,15554
5282855,node-red,15456
202383,vlc,15429
26209,ILSpy,15402
366192,zh-google-styleguide,15360
40916741,m-cli,15340
36640,stats.js,15315
12500376,brotli,15162
7776438,dlib,15068
35902,docopt,15033
30222,fuzzywuzzy,15012
1743,django-allauth,14937
6946390,codecombat,14888
29128136,conan,14835
22042395,mycli,14712
57807606,python-fire,14623
30738,beeswithmachineguns,14616
10664358,awesome-scala,14448
26162616,labelImg,14396
7049205,newspaper,14346
1500988,arrow,14322
25910132,dataloader,14120
18043005,mkdocs,14054
25991,zfs,14049
62315,ultisnips,14004
71423085,chinese-poetry,13980
6372323,baseimage-docker,13956
7528,libevent,13938
27392494,awesome-aws,13830
20931597,bcc,13796
5741726,golearn,13694
7656900,wkhtmltopdf,13666
21311549,RetroPie-Setup,13336
27261269,amphtml,13298
218710,cheatsheets,13264
10230767,js-beautify,13166
5767,openlayers,13092
12049,rq,13014
11476784,python3-cookbook,12938
22053028,WinObjC,12920
131110,8cc,12897
18975714,pgcli,12852
209373,bottle,12801
29057,ajenti,12774
27406305,openface,12679
15889688,coreclr,12546
5889,Cinder,12531
5142,cython,12513
60377505,deep-photo-styletransfer,12510
16411922,kong,12495
6075127,blockly,12490
20597272,monoid,12438
7803,mezzanine,12432
10679,fail2ban,12402
23052,buildbot,12351
26901327,py-faster-rcnn,12338
10495335,node-canvas,12312
15215,legit,12285
28625357,TensorFlow-Tutorials,12272
13159881,proxygen,12218
17251363,DeDRM_tools,12206
8401700,chisel,12120
7703292,flasky,12064
71,llvm,12015
19797023,notebook,12012
14342,doom3.gpl,12009
78029,jedi,12006
3879861,calibre,11916
22095642,hug,11844
4922202,CodeHub,11810
16554832,elastalert,11808
126780,openvpn,11799
23169,autoenv,11751
19565452,CLRS,11718
1443050,grip,11706
9894505,Kalman-and-Bayesian-Filters-in-Python,11700
149843,gspread,11694
121755,AlgoXY,11652
3784912,schedule,11646
4998659,moviepy,11586
11003743,streisand,11536
29253,numba,11487
1227,MuseScore,11460
21330312,movfuscator,11402
9626384,atom-shell,11368
18786404,records,11346
1970524,q,11338
367,Electrum,11265
18196222,rpcs3,11248
31519580,bitcoinbook,11227
6328765,Craft,11170
14138252,Dshell,11152
449779,emmet-sublime,11100
17147581,falcon,11080
8530710,thumbor,11070
21170493,Nim,11062
1420021,genact,10989
28473,jrnl,10965
8818018,nunjucks,10950
1331862,poco,10935
3293797,annoy,10906
11097989,pwntools,10902
5057272,cookiecutter-django,10882
65941,livestreamer,10824
9393242,crow,10820
34693,DeepLearningTutorials,10803
5214643,explainshell,10776
22044797,coursera-dl,10710
205522,async-http-client,10680
10394777,sandstorm,10672
13435473,neuraltalk,10640
32453,OpenCC,10563
25813263,scylla,10560
18143,webpy,10539
37617757,sanic,10537
52426723,generative-models,10508
8923565,portia,10478
24569,GateOne,10446
16273814,Docs,10386
18064534,google-images-download,10378
13360818,drive,10368
1282,pyramid,10368
42512,peda,10356
13118547,firefly-proxy,10306
39474,termbox-go,10269
21244239,codeface,10248
22046921,DisableWinTracking,10216
19911836,borg,10210
8871,twisted,10179
7976200,erpnext,10136
11170476,voltron,10130
8805823,iOSBlogCN,10124
28602026,manim,10123
35134,ejabberd,10122
867354,jedi-vim,10065
2675,syte,10062
8459142,taiga-back,10058
13382901,flask-restful,10052
27393415,plotly.py,10050
9697927,psutil,10030
2760463,boltons,10018
5626,beets,10000
12742227,gevent,9992
390637,pydub,9972
22057494,data-science-blogs,9962
42880,pdfminer,9948
7173222,bypy,9918
4300008,TextBlob,9908
417939,gitextensions,9879
19117,virtualenv,9858
8580389,bullet3,9848
11159409,python-prompt-toolkit,9830
27344,flower,9828
12212528,wifiphisher,9802
10873458,hardseed,9777
34207266,tflearn,9768
5209373,PyMySQL,9758
25380,noVNC,9741
1344612,scikit-image,9735
18659,Cinnamon,9726
2281,gradle,9720
25814105,pupy,9720
3446481,saleor,9716
