id,num_mentioned
34254973,15
35262613,13
1645479,3
25075006,2
7838205,7
28810155,7
65713467,11
129046,4
25428834,3
22141729,4
32541427,3
77683759,292
34042072,62
746526,28
87344291,9
24836341,9
46285132,7
34148960,3
19959223,25
25736450,1
25554531,9
21689629,3
45386036,1
13358102,11
7319645,2
97245798,46
70468207,2
45143657,1
54454465,13
63036421,5
7104144,1
6583602,2
81493560,4
46209,16
43566282,2
30015682,1
37037973,2
70947338,2
27133927,14
62694918,2
7405190,3
77388757,1
30345915,32
48503520,2
27021660,1
76883915,2
976,8
42198951,14
25175796,4
41557069,16
12323611,1
7406325,3
53093693,4
13297110,2
42971811,19
10436,9
80709424,11
88218335,8
39545547,11
181229,16
39354013,10
24231285,11
17039141,6
181067,3
49596054,1
7820300,2
24654580,7
65032164,3
22294235,7
14252341,6
15739717,12
49335501,17
39785704,4
712293,6
58819498,3
37071029,10
81278929,6
25762840,2
52223195,3
1866370,4
88579830,6
29702872,1
48640005,74
11335047,10
45334746,15
52129241,1
11315956,6
22531746,12
132630,5
1966482,5
19801263,1
162742,11
30409726,2
25852942,3
33944049,4
7311800,3
176145,1
96806502,1
21789339,5
28162194,3
30910212,1
42570532,2
7403493,5
159181,9
17273860,47
135400,2
66251405,3
77399232,1
34144741,6
34312481,1
77701328,21
5744436,1
38215327,3
13709234,20
19874356,69
12377210,12
22009490,10
249889,2
49457400,3
22104,34
129445,4
25003481,3
66164072,1
22243825,3
55542731,25
51687334,2
33900761,2
6916110,3
7408093,5
10192881,16
61649839,9
32506766,11
31969374,5
2039658,1
30123471,8
34526525,14
43063995,3
27461108,2
1140,16
7377286,3
14758746,7
92509661,2
98747188,3
31570021,1
28493688,4
55883008,4
55900696,1
43250524,24
80057214,4
6836078,2
28746205,1
133653,1
25519353,4
33714241,2
17313171,4
7408214,6
80440312,24
42791715,21
50466217,8
56880888,2
19360437,21
21957513,2
103744338,3
23898866,2
43959511,5
7378208,8
70320881,6
43073601,2
3458,1
105628114,2
16270593,5
4928177,13
11470949,3
22040303,4
34139861,12
14438696,4
43239001,2
25006756,7
25352622,8
1620607,2
45556556,3
7377758,3
53048332,1
24801121,12
12044675,2
19725780,3
77366165,9
34274881,5
32352316,2
60811483,5
48864481,67
76184701,7
24493423,15
16501402,6
17140721,13
11970504,13
25230891,7
10916413,12
20276450,23
36403461,21
6867631,11
29812811,4
11331263,1
39937158,1
10652287,5
7247193,3
7326762,1
7409046,35
5675148,10
15223142,10
52987513,1
25016080,2
43399710,3
6799022,16
18470243,10
1708495,6
1066681,12
11845518,9
45717276,5
53382797,3
37402438,83
52759780,2
2679444,6
1431849,6
6833675,1
25987345,7
106357863,40
47032730,2
37446143,2
61910273,12
25145031,17
69597949,4
43500270,7
2763135,17
28521312,2
59841017,1
17613464,1
8283174,3
337356,19
20133652,10
62747229,5
12233473,4
37573570,9
39491208,7
77786783,3
65693037,6
2297682,3
22666743,3
89108103,21
37013189,3
38756386,4
28252454,1
1789209,17
14251306,6
84932403,1
21205414,5
8276027,8
1926819,12
92722116,1
89239402,3
27483460,9
37853891,2
91079112,18
22356585,1
30778728,15
56300200,2
30639445,7
71305860,1
18176337,2
3367471,3
89031709,3
50865892,4
74572597,16
47028783,6
59039813,8
82427999,1
68672585,2
49459269,5
11911996,1
25973641,11
35923806,2
17947142,4
59104384,17
29355222,9
30533216,13
44632286,3
85904248,15
81018089,17
57106858,2
101180552,3
11716932,4
63413825,2
15890979,18
19701069,4
3044901,10
17861684,5
61522452,2
81662065,5
53288970,7
1901142,32
95757174,2
75195632,7
41635417,4
17828666,17
11788554,3
31939034,2
23240868,5
3041602,2
77998515,2
26171426,7
17536361,3
92778111,1
50449618,1
89601728,1
67380683,2
3323699,1
3549251,3
32166498,26
43662145,1
23509882,7
21553023,1
101288174,3
88948154,28
50244355,2
3393296,28
32951084,5
80638445,2
60139058,11
46737230,7
94933996,2
22490612,2
59609287,1
32279626,9
20477765,4
17193444,4
29367532,2
20397002,28
41103298,4
25357460,30
40750959,21
62852070,8
15209206,10
15271321,1
74356539,4
31460303,6
67403144,6
29505593,32
41477198,1
76438278,12
32832319,10
47810570,4
15897867,22
66743190,5
45135211,9
53841909,6
90168726,10
6105526,5
18255329,8
1873615,4
25995677,10
3171315,2
16358347,5
74276734,8
93615251,3
38213112,1
46541661,2
40881138,4
35981313,2
70365815,29
40863920,1
23768853,37
26795329,5
1489483,1
58347647,5
17988215,2
74382589,6
8027085,4
12683652,1
19558504,50
29167587,6
37530130,3
11926909,1
39341345,5
17307442,1
20122140,12
8305302,7
22801899,7
5261039,10
102024179,1
9966679,6
63103570,3
22393236,14
31533911,5
33976668,7
35586473,4
17201841,13
66206626,5
25516553,18
29576656,5
47355861,1
23380154,4
79869509,31
16474812,5
20939001,2
36674312,6
35202999,5
20659124,5
47760434,4
57178934,6
67824308,6
104059383,11
55185628,5
87448034,3
75964289,2
2160788,1
53752639,8
47027204,4
56579359,9
101711993,12
81109800,1
12238650,2
45777968,6
28918242,7
18648823,3
750471,2
17325612,9
90783302,4
11608003,2
84850167,12
42391929,11
2774321,4
74437183,2
61056667,6
47995717,6
26033297,1
28869232,6
60061862,8
70304077,2
15183011,5
37803988,7
34655602,1
34657144,2
2354094,2
100009380,11
56262028,3
1770444,12
12657809,1
86011820,15
1012252,1
15200749,9
18011355,2
191942,2
65016461,7
57642135,21
23845862,10
107919870,8
27119030,5
52960366,12
26267863,2
18200423,3
18030214,4
23941630,15
26490036,1
28579639,4
93721137,3
16409385,2
29807065,3
94156094,1
12498632,4
34177966,4
101399085,4
41140362,9
16549238,3
19581299,1
67598370,4
14718097,2
85805815,5
16732891,4
9507384,2
34522998,13
60900001,2
56070569,1
45092065,5
9329345,2
35062192,11
7940465,19
10629672,1
22588007,7
32047502,1
101329496,7
26071663,56
51613610,4
26921188,1
745141,12
16545501,15
38556556,10
5697391,1
26370729,2
23296629,6
26377058,6
64110910,8
81811148,2
78273047,8
741021,1
107733061,12
15707715,10
73444741,4
74898947,2
894334,7
42243455,1
31586188,8
71577374,3
33134878,1
67930403,6
35872256,24
33445493,9
64727337,7
20842140,6
33198117,11
50297770,3
792838,1
2386151,20
10111063,8
56809766,27
47038858,2
35479967,1
821385,9
22112471,27
51781076,44
26443615,11
15853212,2
94695202,2
23878013,2
59125856,17
30336525,1
36346623,6
21794392,1
30310269,3
75320175,1
8536932,18
20960874,4
51392305,2
80129523,5
16294939,1
47531676,13
6127883,42
39519884,7
44605515,1
33896872,7
12109795,3
5241975,14
68034065,4
56504272,2
15570986,11
89722224,1
107936103,3
13329108,27
17285430,4
72317214,2
799890,7
33231127,2
45761526,2
23576658,1
12517765,2
14018229,1
8652835,2
41532569,2
22204767,24
36991017,1
54873677,5
51132217,2
17472685,5
30212241,2
36912888,2
17198076,2
752941,3
29160043,11
102786941,1
12677362,11
97037462,3
32612669,5
29639921,1
37006861,2
17062646,4
34671154,1
13303849,20
61220252,4
48236351,16
89844407,13
50986723,1
33149918,5
67533898,1
63792132,3
11725865,1
82739211,3
54282230,7
61026531,20
75683105,4
56229705,3
15676516,3
11665887,5
25043718,17
98735101,6
70762054,4
39531653,11
26000670,3
9142861,1
50259740,5
44804624,7
752561,47
15243095,14
48548019,8
43740514,5
56039659,2
9393843,5
99542731,4
84317419,1
82691615,1
21825205,4
88239217,8
32610490,1
72085071,10
38432522,7
40741478,4
68711537,1
44010165,2
18798282,2
15903956,1
46993434,4
19113851,18
42895131,1
45030527,2
31596305,3
30326587,14
106864687,2
15273720,6
41350295,3
618769,4
51399414,3
47958844,10
100207085,3
54897375,10
36978132,2
4987727,3
94266949,1
764010,3
9766159,17
58650875,10
26107289,4
32125104,36
38607601,1
75641903,1
29914262,1
41793839,3
34118172,6
67865772,8
21062841,4
7926612,3
94417214,8
29780842,6
28936470,7
13361613,24
30111511,4
68604298,4
81251273,1
90196412,1
43692300,2
29457171,2
18362416,7
33887539,1
45436728,36
10687216,8
1084906,2
14144019,11
902331,7
65163526,6
21150678,2
952290,31
6696408,5
6739486,6
16451279,11
20532095,2
58106722,2
89669319,4
23355082,10
515177,6
27269877,11
25322444,3
60732561,16
38571183,2
41183094,6
85789786,1
18493885,1
75697217,5
47977173,8
17315912,7
13784610,7
3905018,1
22323791,1
57704394,3
26569788,1
37242896,9
44636688,8
21375125,14
6246094,2
33881380,8
10507433,8
10764544,3
48917903,3
993300,16
104628557,3
93392962,9
18218887,23
14293125,8
47414879,5
12271068,1
945619,2
6194850,3
21531797,5
28857559,13
66726757,4
19648333,3
13499182,12
13695669,13
23689571,3
61400964,4
10119699,4
30251581,20
15144266,19
24033087,4
21535384,5
108652855,2
16196635,17
41094647,3
36904256,8
33542035,2
5119886,31
64813161,6
19671837,9
85543944,9
43605593,4
16921124,1
10862093,38
28426749,8
6333037,2
5505227,5
8858754,3
60852935,2
15706359,3
82647231,21
95977659,3
54482420,9
16159644,4
10129684,3
35545999,2
6105668,3
32156945,11
90826416,2
14131794,8
51472677,1
5600441,1
27325316,2
8652123,3
44870929,4
54486986,7
33718895,5
24936476,14
45496510,1
25481187,17
732225,1
8280061,11
15025743,1
27023995,1
5786607,1
33143483,7
27229047,6
39116126,4
2476028,10
76523492,3
57929925,1
51160106,4
17694625,5
16769892,1
90827355,1
33457710,9
47878406,4
24296921,4
61768135,11
11246033,6
53138127,2
14875254,1
1413899,2
19207310,4
18547395,8
54722645,2
56207262,8
9583853,3
6065883,11
52039148,1
38948870,3
73233062,43
44842439,2
30778645,4
36223166,1
33584139,5
948996,7
51238573,22
13550173,4
72441531,4
33510023,5
72930888,7
12682420,6
26062952,1
68575615,24
16377505,1
17423787,2
46591135,1
72569441,1
33761737,2
39258694,3
18395864,20
53689605,6
95411036,15
22685671,3
45999996,13
35977385,30
59138369,3
16107622,7
19001944,1
19529469,1
23763965,2
72287417,7
29102595,2
5193537,5
39451813,2
84739420,12
80746169,8
38878542,8
76402761,4
35976103,6
35271908,3
61071580,4
15924410,1
36081950,4
102628731,1
21058726,11
14008429,5
811984,7
64802784,3
20907624,1
30208234,2
44816890,2
2959703,4
20673224,42
13729800,19
14027532,4
13113923,2
51600924,2
818964,2
44213553,5
5484509,2
31405374,1
100062769,8
84032230,1
19675659,7
8804398,3
1169781,6
44266934,10
15039143,7
65615092,1
49765893,8
57365103,4
62127305,13
1155796,3
102877437,10
66006095,4
773840,1
67816181,9
35967325,3
51786467,2
41948695,1
10212607,3
13476219,1
24200200,7
11967992,1
19954030,1
17338600,2
10105317,1
33276873,7
74348600,7
30952003,6
4910647,1
28218622,40
23158057,2
85580932,4
15202101,7
21799346,9
80667692,7
90306106,6
21064377,9
71849246,3
9855449,2
18868180,1
3428661,9
1971983,2
19522265,23
50261371,4
58587892,1
20906105,3
8717158,21
20911857,1
26681617,1
44412179,5
2490372,4
11191846,8
929433,8
48638513,3
82887788,6
15326715,2
35639203,12
7557221,8
11099742,3
994111,3
65650094,1
16075759,5
13659070,13
41567576,2
42670015,2
83974175,11
62668903,16
29849812,4
30748891,2
1047772,4
60571357,7
86957491,5
28161855,5
58264804,3
87036718,3
17957582,6
14093276,1
14499142,6
39186082,4
83557082,12
72957585,2
9814808,5
945703,3
18984191,6
24371795,10
56460460,7
65975861,1
87288128,11
52894957,15
1493386,3
18861611,2
27845742,10
16917126,2
103336104,1
27687494,11
45339557,2
19409934,1
52065432,3
48798244,3
82034606,6
18638111,5
96080864,2
6752742,3
30717083,1
948929,2
49174161,9
16690618,2
34445022,7
24318987,18
1324098,2
52439182,2
84323065,1
77301034,2
33218657,14
39735705,1
34348019,4
1982085,1
79461412,3
69652295,4
82684545,1
49735004,3
106260282,3
95155211,2
52324391,11
32909484,19
5330999,8
39096919,5
63764862,4
84133745,1
36953703,3
30825830,20
97294672,1
15253397,6
283235,3
29384366,9
25210786,2
1138836,24
34299479,10
30455,8
6918444,5
7431950,1
96803946,7
10692816,2
1633857,2
43003126,8
52176122,5
14436970,3
34187205,1
46275651,6
7693030,6
41107443,7
7404881,2
15484010,6
28421747,4
51306856,2
46321242,7
40036315,3
40989643,1
14370613,3
4841741,7
264046,13
25280968,4
62076039,10
7326942,1
7943452,2
31599047,1
166976,5
43333574,3
65686498,4
39120955,4
50599601,4
31481029,3
43484593,2
23322247,2
22606268,2
27872258,10
23260216,2
34087524,2
36785543,4
42973886,10
57621921,6
43721002,3
59172175,1
39048828,8
32577812,7
94193460,5
30751094,4
31605110,1
9466707,14
31564595,4
6253,6
7430548,6
34319002,3
7937256,3
23049553,1
19054074,1
33201075,3
21797487,11
69567898,6
88821132,5
36883127,8
105498138,1
33899194,3
73899995,3
24832968,2
1177880,2
13636165,3
25936264,20
99842253,2
173801,6
11529366,3
19757418,3
19906187,1
45212474,2
12328004,2
23625523,4
6362212,2
7405272,6
7405359,6
2500647,4
40359281,19
33832494,2
28378321,7
89106511,3
31937305,1
96700547,7
88674023,7
73904365,9
5513,5
77209422,3
1622779,2
7409563,13
7569844,2
25432904,1
31439558,5
36740598,1
28720784,2
34588222,1
7878225,2
35946562,8
80454288,2
26786223,5
59432375,6
69690005,2
62826910,4
3060173,3
45894642,2
52826142,1
9680569,1
62869819,4
50244860,3
8555249,1
15194418,1
67828254,2
43626367,3
52708800,1
3009938,2
12472606,26
34444484,4
47108328,1
30704970,2
1883033,6
40526056,1
18108697,1
61556827,5
41138831,1
55036910,7
17388972,4
15023106,11
101066380,1
36796101,4
17245332,4
45697618,5
41376000,1
83017241,2
45536634,2
14783802,1
26667573,1
9085249,4
2354114,1
19248312,4
30848099,3
30318947,12
79302956,5
14429862,5
14348222,2
42585722,4
23640005,1
53451464,5
35256710,5
77187352,9
64363278,1
2542436,2
15822004,13
38107461,5
59657673,1
71190179,3
75746078,2
47789452,8
76396591,9
2160012,1
11239955,4
16498853,2
103661188,14
20351410,10
20206527,4
14516777,1
20576827,5
32671511,2
15029632,1
27964043,4
31697869,6
77827180,1
60006842,5
33551977,3
17724163,15
8255617,5
85223004,5
3121457,8
35984116,5
50220011,5
101785128,8
47315951,7
16502777,2
51103379,7
32724937,4
17436764,1
17462004,1
58912189,8
69175691,2
3109147,1
12217192,11
85407907,4
92703840,12
36467320,2
14401108,2
53264683,5
70090620,3
55695036,1
77946000,10
32296919,18
57498978,9
3336366,11
3236623,3
53865743,10
74657069,10
107000717,1
33938851,3
53408480,5
757751,2
57542575,4
1346061,1
3969,2
31412722,6
18310616,3
10214975,8
26081622,3
19211264,4
39444607,7
12835827,2
22678214,3
38989390,3
9069265,2
43654884,2
37859949,2
25957313,12
3400728,2
20149781,3
1753408,2
17770534,4
48873777,1
67294338,2
22880070,5
76903671,6
24460596,8
75624364,11
90955443,8
26473053,5
10540853,4
32566899,6
12707107,3
2382598,2
84730911,1
34515335,2
57929039,1
25913501,3
1660078,1
37836589,2
43593088,7
24462136,6
9801078,2
42591554,4
45395407,4
15821646,1
12169384,6
56283637,2
50374761,1
3401518,5
5315276,4
41523528,12
28511395,2
17672043,2
332105,8
37523341,3
27602104,2
8337191,3
2289448,23
37557179,6
46558605,4
26374984,1
32494280,3
15001856,9
41090539,3
20761634,2
12378370,5
22427759,1
39691865,4
1227122,1
33020845,2
29332039,8
8896059,5
15511990,1
12523800,11
35305631,7
3201487,6
715230,1
19847279,2
2134246,2
34438296,7
34580958,1
43827161,2
4860871,1
25825780,8
22538906,9
2313867,3
10053603,3
23061150,3
57130710,2
37582996,1
20852571,3
36684364,2
87106196,2
48199978,5
90871195,3
14583433,1
3368542,5
74261619,6
732873,2
106836794,1
38129048,2
26339105,2
44163218,4
10630071,2
31747916,4
15865373,1
26459812,3
43732885,2
23748302,1
27151968,1
46104839,3
32776149,9
9240059,9
65976736,5
27443668,2
8503814,9
38624170,1
47615298,2
67278793,9
42708710,7
14597824,3
21815337,4
12954389,1
20097314,23
792955,4
32440333,1
35583981,4
41886279,2
10131001,5
19203771,10
35727350,28
13570910,8
41189639,6
23823026,2
35395900,4
51405510,5
24047949,10
90579162,13
57474017,2
33060393,3
6335531,3
38708094,4
31522759,1
38723947,2
17963402,1
78355869,1
40520173,1
75057182,3
44323135,2
15426702,1
21047190,4
5330937,1
15251409,3
49329625,2
14161835,11
53071033,5
704962,3
9368446,4
66467542,3
76505585,2
42559922,4
36279133,7
493590,5
14801527,4
98532416,2
14836708,1
40842921,4
3538000,2
30081115,2
13012788,3
65413381,3
31425980,3
9243599,2
75241644,6
74611765,1
24855454,12
29648539,3
82724457,3
35163544,16
54309339,1
9605236,4
755933,2
29059678,6
42104379,5
29565205,1
19091234,3
22949722,1
34300402,3
7588129,4
24809812,6
32495716,9
5706883,6
10589565,3
37959561,4
105079507,21
45578856,2
73804454,2
24765255,2
79193768,2
13941334,40
55945522,1
9775803,3
91008704,2
13468294,1
15265714,1
33448727,4
67269792,5
54760757,1
22481802,4
19212710,4
19901347,1
13618157,3
44092016,1
15537733,5
12797557,5
33902011,1
81096858,12
9488318,2
10046494,2
38988328,1
2442044,22
36927910,20
85666604,8
79920936,24
17710294,6
17849409,2
32096073,7
47005531,3
24001740,1
37259800,15
29788411,1
26085554,9
15413912,4
85110224,4
56269969,6
54178458,5
33191294,1
33199342,21
48329939,3
61132734,5
41379111,3
22680027,5
19444387,1
19566284,5
46227273,5
100071169,2
33906982,6
22441738,1
2403771,3
29678639,5
55499711,5
13431057,2
42658668,4
16404607,4
45573104,3
72776947,2
5859793,1
42712373,1
16178586,2
21181815,11
38704697,5
21847483,13
34000565,4
65122597,1
5032597,6
33411386,3
66044963,2
30290226,9
951422,5
1113795,3
21573198,2
48465776,2
774099,4
60206285,3
91286118,16
30451237,1
953540,1
91376890,2
71663681,3
33653499,6
86123110,2
10294889,1
18159094,12
12635631,14
35681951,3
67964255,1
32037614,1
10130510,6
60480702,2
14240612,1
62551539,1
51083580,1
55258489,2
36355135,4
35558148,1
8214347,3
782020,7
60187537,2
9933431,2
29417206,1
1662719,9
51634882,3
21418003,1
61162921,1
10719550,2
94960490,12
58756436,1
14147367,4
34479982,4
21327266,5
82875552,3
35230722,1
76438604,7
7581432,17
52706074,3
5349744,2
38023117,3
29545746,9
33160558,2
20895710,1
868907,2
35934505,1
26372199,5
26271347,9
869454,5
27165689,1
29464931,10
10112183,4
39152615,4
1470160,3
52260919,6
39207796,2
6128054,4
52343210,4
16574800,2
19095258,6
14065466,2
13668686,2
10230295,6
7584135,5
41962202,3
75107781,1
13432407,1
51504687,2
21148411,3
27366378,11
6414761,2
23491428,1
48382850,6
924184,1
97781052,9
75992241,2
33475459,4
108753585,2
65108786,2
6669346,6
1427976,1
101471673,2
16874287,8
13334277,2
21803064,3
30151026,4
33654278,1
76512453,1
74565262,2
59765748,2
39533380,2
76635033,1
19193676,1
61060670,1
61880205,4
16525347,3
30557103,1
20044864,1
93740965,3
76156176,2
101627982,6
28474338,6
19674352,1
23507678,12
64841379,5
56308421,6
10131209,3
11409638,3
6389286,9
13840618,1
64755876,5
58200681,1
109499645,3
62261576,2
8193718,2
57777379,3
87175979,9
30471510,1
61616073,1
19627655,3
55913234,1
9886688,1
1015494,1
55092767,11
6444929,1
1146942,2
48638139,3
21464167,15
50038482,7
21906080,3
33870491,1
65747270,3
43426851,4
45765,1
29777313,1
81442013,11
19768318,1
55216557,2
1820927,8
28267771,2
28661788,8
27839975,1
40034280,5
28749918,5
81424461,2
40987607,6
7319692,4
271308,2
67129139,4
15761854,11
134600,2
32086202,3
80475019,1
73304267,2
30613992,6
32963283,4
48527389,10
30401433,21
7057747,2
73631432,6
66105616,1
66034094,1
50275194,5
62874609,2
22031236,1
40288086,1
7919352,4
31795195,1
31330780,2
42857484,1
17039138,1
34531707,5
51254401,2
35687729,12
23091,6
51296320,1
21392322,3
11562434,1
7408649,7
59373042,1
36606992,4
22352189,1
34042407,2
49288725,2
19851949,1
40443168,1
592,6
85782204,3
28934321,1
103571,10
34603322,6
35649203,1
80677874,7
25804672,5
49476281,2
11266995,3
3072344,9
21984349,5
43932075,6
34807026,1
86345497,3
122651,7
2036301,6
30923216,1
20843387,2
7334994,1
42281259,6
34297959,1
6498072,2
47940820,2
37335787,1
43047942,4
55374218,6
31370526,2
29565160,3
36875510,1
40007222,2
70361547,2
25755915,2
15530497,2
27062091,2
18601582,3
33430916,3
3521866,4
70191102,3
73538657,1
46162643,4
24747414,13
61940363,7
55482965,9
10812092,7
42958737,3
28708709,2
25315721,1
39266828,2
7450641,8
62747979,9
28172956,3
69811307,4
207983,2
17054367,8
89230092,4
1747886,4
49179966,1
55678886,1
6565,2
33605186,6
7408312,4
23930976,2
52583744,1
80101270,2
39270983,12
1166,14
73090626,3
20939605,7
2333857,8
3368133,4
37316182,10
54754391,4
42138842,8
2926572,15
12471402,2
17724840,3
37457128,2
49238157,4
45907877,4
29072493,5
3072392,8
80238907,4
56660799,3
43537306,5
105158612,1
169215,14
50674252,2
28001992,2
26401468,1
3144628,2
27035067,5
7927333,2
37636485,1
62310167,6
25516850,5
36465758,7
12175616,1
7243602,8
43562639,2
13936765,1
14194434,4
22662165,1
3023444,3
64002625,1
41061786,3
17156186,7
12417620,2
22001694,13
41096400,1
38018078,2
9142644,7
42241214,3
70976078,1
32630249,4
39790539,4
56317192,2
66884056,3
25129318,3
11130159,1
17791951,3
66619573,3
89290246,12
45788357,4
40962125,4
18335288,2
43688779,2
60248237,2
68720188,3
18636078,1
17706962,6
2693880,10
86205344,2
38585681,2
34027290,2
97739032,1
56339025,1
22598505,2
97609035,2
23969319,6
31860252,1
17769202,1
37336227,2
3310799,1
14390708,1
78754370,14
40382177,3
53441320,1
32160424,5
19634535,2
336949,3
40593059,3
29006852,2
61817754,1
52818065,5
6181465,2
61787661,1
18226771,1
20345244,4
56714014,2
97807446,1
26244514,3
56359284,1
50220103,1
58203604,2
19300703,1
17990114,14
337106,2
29084869,4
12322141,4
20657341,6
17772563,3
2279184,2
2635109,1
22509391,9
22963052,2
78354429,2
77260714,11
18246248,3
75021604,3
74352908,1
10931329,1
22487177,2
32860981,1
65227524,9
60366108,2
14263960,7
12021141,3
29517281,4
12786939,1
3161241,1
92677346,1
95306794,3
20787270,3
74988893,3
26616342,2
29929252,2
910336,2
108486206,6
63043223,1
98010454,2
3180792,6
26631400,6
43988442,2
26446242,1
86017451,2
29836597,1
34375852,3
92341907,3
71061711,1
5546127,3
41625941,2
78833614,4
86720905,2
10130362,2
21433412,5
99835382,3
89710983,1
9875266,3
42145008,12
20950602,3
10601445,7
18877262,1
27032116,2
29505017,9
20270543,3
68336753,2
33344131,1
85626615,2
108345633,2
20965006,2
8437898,1
21738361,2
16836188,4
12564020,2
32438971,1
33479577,6
33820301,1
83162122,10
79082984,9
10065216,3
747029,2
107041477,9
84072211,7
25516806,1
64096428,4
24003793,1
97800793,2
211493,3
27065200,9
93787846,3
18097450,1
47808617,1
12874673,4
59999394,7
24988574,6
47039178,1
9231532,3
78558190,2
41913133,2
9621529,1
75924421,1
6197680,5
63401115,2
36276723,3
82103429,4
5753683,2
18446521,2
74234791,3
10129250,1
10137388,2
21278001,4
84015883,9
61354375,1
47521220,3
48383553,5
102494863,3
77463513,5
85683011,5
21324580,2
11215591,2
58862123,8
62460237,6
64186714,3
782037,5
34793829,8
28253389,3
18926327,2
47474414,3
30726962,4
19633359,4
6707974,4
11133299,10
80357891,1
9662590,3
14872404,12
20663716,1
38767201,2
53960142,6
41345861,6
710302,2
71643202,1
715706,1
46383085,2
83558224,3
45230079,2
955142,4
19711068,10
95216787,3
28914112,1
18923287,6
3415045,2
74585425,2
35133756,3
9861337,11
30613884,1
10110672,9
48429953,1
21417866,7
33630858,1
109768291,2
82806067,1
18092840,3
781076,3
12219083,3
27603254,4
84123426,4
15740986,7
9670508,1
45097435,6
24389869,7
76487243,1
27675195,1
10795342,1
24271347,3
106966519,3
38119360,2
75126098,6
1966907,12
780718,5
22781492,23
91719463,2
13281686,3
54792306,1
8155422,7
10124609,1
73415993,1
16163453,4
10808446,1
11217352,7
1338596,4
88450311,2
2192751,2
45519394,1
44745130,1
11219685,2
16533683,1
6371942,7
5611931,1
9812479,7
51908078,2
1478396,1
51466824,1
8844418,2
48610212,6
27244509,1
35078197,1
39286773,2
9906389,1
5973912,3
52298125,2
10254136,1
30200851,6
12982653,1
102578581,9
6139956,2
33134645,3
66399191,2
12754019,6
66123293,1
24878231,2
21071999,3
10111586,5
3728750,5
103813327,1
33334416,6
21600804,1
61578952,4
62276713,2
58350332,3
20986715,1
38951264,5
41090707,1
41108626,2
36331732,1
21154295,4
15350584,2
16280984,1
18799421,6
12751933,1
102639269,3
58937536,1
10329675,2
36486316,4
66097648,9
14164273,8
16558346,1
10860047,3
53675610,3
65657879,5
5601407,7
25119589,3
41925989,1
41989517,4
6538620,13
10586989,3
9224574,10
61181596,5
22137717,1
21535465,2
57968315,3
37023408,3
39596332,1
4177472,5
6229376,1
30584792,1
27288490,21
11053449,3
19458888,1
58256575,1
14128415,3
106443404,1
24514395,2
27226575,1
43583584,6
12709848,1
14002414,4
1452557,14
48653109,1
40173686,1
25441891,4
46506424,6
2047386,5
17239809,1
6892337,2
262485,1
34386240,1
19907447,1
168047,1
31669467,2
30928781,3
36932622,3
35231887,2
25710565,1
84652614,3
6960066,2
80942635,1
105103938,2
1808114,3
37311285,4
33580416,1
157105,8
27136895,1
31868509,1
46978039,6
37028351,3
1635432,2
31830077,1
25688221,1
37883396,2
34218579,2
62342665,4
73590540,1
2630,3
46525722,1
68166812,8
28054917,1
43459186,2
48382972,4
92642248,3
67351794,2
83598008,8
94726472,2
5280561,3
36542725,2
29198413,11
7407408,3
71308936,12
73136018,3
159744,2
28674451,1
63062531,5
30112401,10
21821187,5
33443697,2
18155383,7
11512003,3
21358473,4
21487294,2
16171637,1
30895456,1
88286245,2
22142973,1
44521196,4
42931475,1
69824111,1
48614532,5
88596524,1
100964810,12
94977145,2
40443760,2
36602643,2
70141963,2
46538686,2
11517963,1
22002574,1
49123421,1
7742792,1
25715418,1
65615,8
34325766,2
1670983,1
1960073,2
68180957,3
58999696,3
80490175,3
91478747,7
77098327,1
29678942,10
66551751,3
1615257,3
43047177,3
11414332,3
69757792,2
11234292,3
40570766,1
37819083,1
21224995,4
8189312,1
63787203,2
2365318,5
50240231,9
5880190,2
20357315,2
22315045,1
43552414,1
18529186,1
56256457,2
16965443,7
92262009,2
15145445,3
19031951,1
22080967,6
336861,4
28909418,3
22297142,2
12272955,3
77826432,2
66731989,1
29037161,4
337701,2
67091997,1
37556290,1
97526028,1
101772911,9
59508848,4
25991277,1
51090157,1
18476624,1
44701315,3
17902549,1
7791406,2
944579,3
20081263,1
17759670,4
1736788,2
37550386,2
29088877,4
43784182,3
102616090,5
33465065,1
76560228,1
32475939,1
74743473,1
15296221,2
66868876,4
3465340,4
26976373,3
17295556,2
18822324,2
31196963,4
9054577,4
37633926,3
20196393,2
49661520,3
34809241,1
45121484,1
32345931,9
25702492,2
29165378,1
2749493,1
1901718,5
29269372,2
40778995,2
37223342,2
74922888,3
33890691,3
37510802,2
73490417,3
97787463,1
17992373,1
82432752,1
41257697,3
34651551,3
33859386,2
5176459,3
18403297,2
18598943,3
40876119,1
73972251,3
8621975,2
34400643,2
12390026,1
20610317,2
39053988,1
101635676,2
53422614,1
23104984,4
8166327,2
2314700,9
12381805,6
36373470,4
41102379,3
5987830,3
70685795,3
31322278,2
9982627,1
81425648,2
64842908,4
34448054,2
47111922,15
56819954,1
2638315,1
85909632,1
53044410,1
54317582,3
15750464,1
23636042,3
55962460,1
85365480,3
704897,5
730844,2
30065561,2
38549942,1
34520511,1
752282,6
1422065,2
107546274,1
20940718,1
86584192,1
83461380,1
78848867,2
10135638,1
21020883,4
81560706,3
774032,1
48496577,5
42330535,3
25102798,2
45753572,6
33500118,5
49829217,5
31989013,5
13003644,1
23333427,2
22571098,3
43743456,4
29797921,4
3517097,7
57700096,1
34819478,6
27297875,3
57110830,1
41294105,1
3437744,5
30224404,3
75673063,1
21140783,2
805666,10
56635923,5
46938231,4
21752593,1
5276696,5
87145042,1
38526003,1
20016601,5
48144113,8
29828453,2
74377283,5
4874170,8
26329610,3
12594432,3
99053624,1
30178437,2
82111141,3
38795565,3
743476,1
803803,1
17158143,2
57191707,1
64478286,1
35510250,1
26672901,1
39150360,3
21861696,1
12245458,6
29858592,1
32427674,1
33912861,5
25344477,3
82451846,2
82300264,5
67426149,4
32620086,1
57874336,1
9795885,6
71780742,2
48113791,1
90099331,2
24316077,9
58428133,2
2175810,2
50541433,1
24696262,2
8579091,2
45056673,6
36304107,1
94964140,2
24790952,2
3418677,1
30905677,3
94614705,3
20449023,4
46043752,2
10012981,5
19593955,1
12275514,1
6724079,3
23151230,4
21917808,1
43353415,1
9837700,1
102903276,3
11005371,1
66727702,7
27871944,3
21816904,2
87587058,3
45556650,1
48112606,3
39261084,2
24820159,5
29752959,1
21019112,4
5421398,2
30036378,1
68966994,3
42188999,3
16077919,3
36175791,5
15369785,3
50693263,8
34227357,2
942769,1
94540897,2
821243,2
10119818,6
65193276,1
82790205,2
44990660,3
17221940,6
29013582,2
21817835,1
30803349,1
91782191,1
22319209,2
19790266,3
72457100,1
1826390,2
6600101,3
13703819,1
26827706,2
83149522,3
31851474,3
27549797,2
25522351,2
35502730,3
6127886,2
61269819,2
32656644,9
39310105,1
27631777,6
2979864,2
16200980,2
108958576,1
10029596,1
20979393,2
782821,1
28175108,3
6183561,1
33359040,5
8806854,6
21566377,5
5926884,2
13485924,5
89084952,1
772516,4
22875785,2
47630066,4
20434466,1
57898361,2
51744556,1
13851189,1
60876839,1
10338189,2
16815509,3
27787451,3
21456044,1
11607126,2
82156369,1
16132535,5
1379523,1
30104085,1
3536896,1
20724717,4
6562858,1
24836650,2
51538604,1
28191785,3
3728431,1
30427140,1
53594090,8
91794425,6
19313721,2
78801926,3
35115786,4
56745769,4
81733896,3
42740519,1
69533507,3
65724438,1
27321056,4
59720200,2
13880339,19
69799540,2
24511047,1
62172164,2
7378303,2
173446,5
52552733,7
31970758,2
7408871,3
33437157,1
62703509,1
13090176,2
55732436,3
38323090,2
49243587,1
6320935,1
73928169,1
191948,2
41294066,1
2256945,5
40050513,4
25331074,2
49780892,2
52956424,4
60475870,3
157199,1
1240,3
25076667,1
34277424,2
28344869,1
51414927,1
59457539,1
51332492,4
30393296,6
40015235,4
40196780,1
46315203,2
80384972,3
106307063,1
91072,4
31462411,3
17275538,1
34161599,3
220836,1
12843347,2
176002,2
69654784,2
33900916,1
125039,1
147093,1
25490033,2
66776069,1
1762700,1
19776541,1
65948198,2
7671388,3
31433290,1
49953380,2
34781513,1
61990815,2
80360180,1
7047576,5
47473370,2
28343343,1
43399887,9
24202333,2
160518,2
39958537,1
14281136,1
59488961,2
1667,3
41073430,1
61379131,3
66646914,2
14216490,1
49594515,2
55823944,2
68898619,1
16855083,1
15800569,1
7319587,1
13791161,1
41820367,1
22484521,4
22533085,3
22095484,1
17889376,1
22125215,1
74352833,2
81049996,1
22511259,1
92936297,1
36338437,2
3327401,6
8071704,2
63767674,1
50052970,1
53557032,1
62345676,2
3220339,5
2298495,2
20108294,2
84669431,1
56640239,1
36725903,1
18012278,2
43699939,6
32083947,4
11715228,1
73669989,1
15017767,1
3108993,1
20459029,2
19997258,1
74829880,6
41488204,1
44446983,4
427123,2
59725580,1
32525527,2
22320148,3
37974960,3
2239376,1
8492402,5
75037322,2
53752811,1
23011445,3
12180990,2
10914344,2
85617762,2
37774256,1
88872258,3
49584884,1
17690170,2
11694331,2
50937547,2
47195803,1
9242176,2
63247541,2
57175685,1
30079526,1
9548098,3
8621973,4
60405780,1
5086906,1
19328780,6
8577065,1
29925466,2
29680702,2
19044051,2
2390786,2
3429920,3
61509435,1
81614954,1
14705577,1
43575461,1
110732,1
20113243,1
33634303,4
12301700,1
762476,4
31264077,1
27008399,1
22360023,1
11908719,3
17877782,1
12747934,2
2382355,2
2582149,1
82265808,2
53971708,1
50719801,4
25546349,5
49116200,2
2777177,5
82264755,1
12262171,2
67220470,1
18259495,3
25627906,1
16051815,5
17859535,1
56243514,4
56987144,1
29504761,3
18284044,8
57678010,2
30354805,1
53704630,2
50090900,1
38679125,4
64702476,1
54466608,5
39056570,3
24141603,1
23679208,5
9443780,2
46357329,1
64778125,1
38737551,5
57276965,2
39591477,3
79768479,1
88729008,8
17621644,2
43355732,2
69218193,2
9083327,3
6536925,1
33388802,3
22632351,2
61047644,1
47841149,2
58628819,2
54656946,1
100165568,3
69198526,3
88523102,1
75739487,1
19789870,1
65044081,3
73597369,3
25494106,7
7037966,2
53098376,1
41190891,1
15389349,4
9308325,1
11169807,1
9576968,5
72352197,7
1381428,1
14749744,1
22551930,1
5803165,2
9639036,1
33630957,5
22999953,3
47286728,3
16013349,1
9400021,1
26996634,4
2037358,2
24315486,4
8930497,3
36399535,3
6307966,3
91106476,1
99974818,5
71123778,4
753819,1
37593620,2
84682631,2
20543232,2
55576756,2
3109085,1
1326411,1
16789495,2
89928940,2
7539914,1
32987504,3
12322796,2
16108388,4
82920692,1
2986509,4
34074237,3
63494503,3
95696314,1
45565643,3
36264811,1
13274234,1
25430865,2
33612198,3
27796760,4
55741998,1
21912979,1
13636526,1
86318433,1
13427662,1
18110781,1
41928281,1
1114541,5
67364550,3
15533894,3
9957750,3
84926153,2
19654633,1
41973480,2
6302166,3
26844078,1
10131077,1
45038641,1
48256444,1
6743616,2
27169321,1
27269665,1
37866291,2
10200705,3
999600,1
10045308,1
9966947,5
10072819,3
49110984,1
19570300,1
42371571,2
34697477,3
42155594,1
24205135,1
13341914,2
60515651,2
65333579,1
23646574,5
42219414,1
21426920,2
17438749,9
83911809,2
39063151,2
78093105,2
1425688,1
24586893,5
44285243,4
32395362,2
19489517,2
96657919,5
63489127,1
58617834,1
41348215,2
91242781,1
3178652,3
73447279,1
64161561,6
17328013,2
3722991,2
16767768,1
16520400,3
21573704,2
27964193,2
109613570,6
20848427,4
7973094,2
58202669,1
61960918,2
108502211,4
46124167,1
62130426,2
30637436,3
6659626,1
83437736,2
57112320,3
12473735,1
90897377,2
108222304,1
18171760,2
76949271,4
6371816,1
49100710,1
59697178,4
58267078,1
61330824,1
80772691,1
24431620,4
17203498,1
7682849,3
571,3
55826478,2
92886122,3
14433560,4
84592279,1
55501340,1
49229627,1
25105445,1
11166261,1
34824024,1
30550666,2
25254703,1
60884299,5
36394123,1
106252194,2
105152752,2
39433108,4
33761986,3
45993526,1
36447190,1
22306472,2
7408961,2
26612610,3
25762614,4
21149877,3
14459871,5
7319398,1
112847,2
149448,2
46211727,2
24227058,1
16856920,1
22974719,2
31715298,2
34180875,5
11413052,2
28473624,2
81427502,2
39582006,3
7497609,3
191931,2
82378541,2
40367572,1
34358097,1
43225398,1
207190,1
8004672,2
38387579,3
25160771,1
7067394,2
11371126,3
76273511,1
543474,4
49545159,1
44310547,2
38598791,5
33907373,2
59695829,3
45660893,1
59139992,2
56275140,5
14460701,5
197158,1
39600066,7
34135814,3
19742291,1
25274010,2
105830649,3
52719147,3
52864414,3
19810642,1
23838717,2
61972987,1
77783685,1
17700407,9
8464862,1
53563171,1
3337400,2
11846772,1
16087207,2
20078474,2
28694924,1
13586024,3
66508663,4
58932201,1
4870768,1
29705380,1
40905357,2
12832291,2
20230665,4
40827535,4
81590115,2
53288671,1
88906644,1
54032228,2
43551724,3
17629537,4
87362960,1
3304283,1
39908144,3
771078,3
8622172,1
41103384,1
47588174,2
24069052,2
331952,3
26279051,1
20068663,1
29159392,1
49435557,1
23031021,4
70339315,1
18213378,2
74286303,1
337080,3
33597827,1
40450746,1
101670831,2
34507437,1
57079094,1
45783471,1
48415753,4
22652980,2
44071636,4
81854633,4
41329574,2
20067895,4
17352971,2
20075935,2
34782546,1
2412347,1
33573992,4
15072212,3
40117713,1
96273981,3
85335492,2
10916489,2
4869343,2
84830925,1
60027476,5
37833031,4
1321965,2
26269810,1
28013777,2
14314467,3
14849853,1
40751393,4
17514239,1
12509068,2
2952507,1
17266604,2
7090102,3
8405682,1
3360024,2
34508456,1
37291823,1
15827193,2
17518431,2
93806184,1
30744893,2
1503740,1
37488177,3
53385097,3
50941190,1
36329032,1
23169463,4
23312560,2
17734920,2
12298979,1
42487709,4
19573707,1
89681940,1
107738790,1
8337367,1
32519756,3
64222383,2
71839769,1
44073464,6
6935107,1
26787602,4
13302486,2
859491,1
25677663,1
9700747,1
764953,2
38221525,1
79644059,2
90852770,1
54743379,3
54910079,1
21215371,3
30057291,2
60050684,2
54993524,1
88338294,2
803653,1
11973465,3
13190276,1
28183426,2
43285240,6
10110271,2
35125022,8
34034867,3
97755815,5
753493,1
11789989,3
51210055,4
67523660,2
29819686,1
18844908,1
25136242,4
35019761,1
34154238,4
68749050,2
5166759,1
13644085,2
85950048,1
108468612,4
19015012,1
64207737,3
17098384,3
23849952,1
82986256,1
60317276,3
13394560,2
50788756,1
33893256,5
11546169,2
26280156,1
9603219,2
52263033,1
24056226,2
90477675,1
67940482,2
39571799,1
944103,2
28966153,2
39105522,1
2865653,1
71589570,4
89699,2
16379745,1
34122439,1
86893670,3
1126787,4
37262407,1
14580455,2
104610302,1
71079356,2
106983209,2
13705878,1
10103128,1
102258292,4
5897481,2
6708033,1
105094203,2
33683747,1
6678529,2
5008653,1
85764679,1
69014106,1
17050078,1
68836976,2
54953947,1
21209019,1
6653452,1
16016741,1
32183927,6
78756945,2
16120476,2
16251638,1
10758645,1
6246187,1
10129361,2
3544593,2
51829676,2
36222906,1
52066180,2
11769199,1
57694760,1
46307871,1
4836540,4
27071696,1
78714116,1
51674890,2
42613000,8
54657304,3
36164901,2
36166989,1
23968297,1
9992863,1
6373649,2
14960368,1
15698074,2
28382078,1
79568436,1
12573103,1
63996377,2
29054458,4
41975731,1
83542083,1
48516677,2
805486,3
99931166,2
87229877,1
62432496,9
19677768,1
39035044,1
6128161,1
27840261,1
64657666,4
24319709,1
45224532,1
45195770,4
44724273,2
21920359,1
44412992,3
19302193,4
104959981,1
19212215,1
30524252,2
90574711,3
59057889,1
104491867,1
19932206,2
14451324,1
7108575,2
53820609,2
10931357,2
95401654,2
56233871,3
1198771,1
22263755,1
52199144,1
158025,2
49095232,1
2264,5
78168,2
3459308,3
49051654,2
106251903,2
69275642,4
154098,2
48452870,2
31772548,1
70298614,2
1370230,2
31571742,5
33386018,3
132461,2
30191371,2
62821661,2
49643955,1
54445211,2
1705131,1
28283164,1
45243694,2
105552713,5
69730622,2
84341687,1
253499,1
10771974,3
31443237,1
41813093,2
26864478,1
11411059,2
4194,3
91018580,2
6901334,2
42723262,2
35394102,1
21999609,1
30161524,4
46304161,2
75346560,1
75071147,1
20647950,3
61394351,2
7319900,1
12231501,1
11879142,1
57565195,1
93192540,1
69503573,2
46550118,4
102059274,1
84758077,1
34446100,1
337474,4
47079419,2
41435912,5
17445291,1
16647790,4
32326815,3
55745070,3
56313013,1
50800885,1
32390215,2
56865820,3
56977257,3
2383167,1
43089639,1
51910469,1
15453481,1
18172111,2
18083599,1
24185101,1
3427789,1
15664411,7
37923648,1
20235201,2
3328017,2
14957831,1
34275584,2
48545396,1
552400,1
46140927,1
11836613,2
17804810,1
15521737,2
11603394,2
8165739,4
47429158,1
22947952,3
34870922,1
2603194,2
28822978,2
26608608,1
63217980,2
23282128,1
61487007,1
59308736,1
1619545,2
77990472,1
89350624,1
61209158,1
29151303,1
13526466,1
21991944,1
46459749,2
15315950,2
32171856,1
12822973,1
13442197,2
23331232,1
2322901,1
22858543,2
4853158,1
33469391,1
8085221,1
9214346,2
41600906,2
38329615,1
27620235,3
28861263,1
63653036,1
20798198,2
57257261,1
754165,4
762440,1
28248663,2
49058099,6
64436493,2
81781768,2
103224371,2
37929237,3
54372632,1
26783879,1
99271552,1
20883547,4
64834100,1
22771535,2
51392974,3
73404163,2
55454706,2
2446867,2
98608463,6
41675635,1
6917474,5
47653142,1
727458,1
9392850,1
23585471,1
39258663,2
108222211,1
33392168,1
15825146,1
23450632,2
85592160,1
5539760,4
5935966,1
15563757,2
38860655,1
62521733,3
1470343,1
98680522,1
55049053,1
27501501,2
33620901,1
13570698,3
3401892,2
38447410,2
40966568,2
19676349,3
20632237,1
33922597,3
107554127,1
26264740,6
765823,6
37683916,1
35028761,1
109830398,4
27797950,1
60764729,1
65135011,2
62318163,2
24046360,3
24432268,3
41907587,1
38314289,3
1355505,1
72321706,1
36081393,2
27580150,1
81499061,1
93787211,1
21590418,1
21943518,5
14077726,1
85226077,2
6389294,2
19558225,1
13181722,3
42174133,1
50606874,1
31464482,5
31421346,1
28902737,1
48220246,3
45624295,1
29122402,1
49369220,3
23133832,3
25053338,1
104445193,2
61688582,1
58797008,1
21814201,1
61371417,2
99863471,1
19184907,3
16059125,1
54415121,1
49102923,3
14204032,1
33642117,3
13548000,2
21359605,4
44750970,1
13955565,1
51334294,2
42174782,1
21275726,1
94946622,1
15631393,1
84008824,2
53484945,2
58083973,2
51746278,1
10136974,1
25443423,1
14009302,1
1309994,3
27353945,1
68176884,1
80805611,5
24725577,4
21892362,1
9664147,1
14148578,1
23415231,1
28917542,1
25268147,1
28918341,2
103753855,1
19329865,2
1327020,1
27426212,1
10698510,2
30493785,2
79291510,4
94166758,1
21247993,1
79775768,1
3199473,2
63403078,4
56300818,2
48816858,1
66086458,2
81849901,1
92099979,1
104964790,1
1184484,1
57737664,2
10239476,1
57979912,1
6803172,2
92214414,1
23485954,2
17067081,1
54134463,2
80855443,2
36234182,3
25489218,1
66998419,1
2317706,1
172418,1
80344574,1
63758907,3
29783,6
36333419,1
34319928,1
26202746,2
25631111,2
44088,1
22259463,2
16526811,1
28697192,1
7407833,2
4205,3
28396299,1
71483790,1
339398,1
5615463,4
40188319,1
26906736,1
31635429,2
46519225,2
52470135,1
33963120,2
42532888,1
43011070,1
11294429,2
264113,1
81154217,1
81110096,4
52346052,1
30098410,3
39797423,2
39892538,1
3145,3
87790353,1
7488262,2
65522643,1
62988839,2
7494075,1
41884460,1
28512096,1
46060780,1
10983470,1
73485097,1
84222108,2
14414742,2
21572786,2
22099910,1
4428,2
32015136,1
11386521,3
36178368,1
22521224,3
53122322,2
20111386,2
47707465,4
42258529,2
82733722,1
22456244,1
62197643,1
59898377,1
101868388,1
88068647,1
17697755,1
60315658,1
60395137,1
29060234,2
2375133,1
104303441,2
71095259,2
22587517,1
2550308,3
28784666,2
97776330,4
89567943,1
22429139,1
84841692,3
10221379,2
20327638,4
60326235,2
53636968,1
51572612,2
15176271,1
41190337,1
2136987,1
332781,2
34661621,1
3333127,4
3094442,1
38332934,1
14889612,2
70997519,1
12356769,2
18129955,1
58085200,4
41192669,2
39585243,1
27533056,2
23791153,6
34555271,1
67594541,1
15837933,1
21374318,1
82896130,1
31096123,1
8471476,2
91604185,3
58290154,1
45568668,1
13354679,1
40991125,2
97020944,1
32354362,2
34408899,2
20463002,2
337273,1
46729362,1
17423878,3
82332381,2
43875975,2
43963159,1
26206890,1
8090765,2
10356489,1
11773832,3
32294278,2
71092083,1
67219043,1
50051668,1
44077604,1
20563569,1
53288753,1
20761529,1
13362452,1
47845966,2
2276736,7
47036546,1
20297403,2
2198777,1
50202113,2
84487157,1
11605565,3
32101067,1
46512999,1
40011138,1
5896035,5
5375567,4
10616360,1
14634822,1
30286421,1
10099362,1
42564111,1
60830209,1
33134399,2
42062773,3
68159370,1
35605530,1
27185684,2
22348759,1
12928725,1
33369800,1
48223407,1
8988106,1
58033935,1
47920390,1
32568063,3
75549993,2
761281,1
62303617,2
755484,2
19050678,3
2865839,1
15601651,4
42255943,2
20702632,4
54038612,4
42135031,1
67616593,2
90221824,2
54368553,1
52626576,1
15371276,1
30123749,1
49294123,2
51219300,1
19197704,3
25916313,1
16880934,2
94345261,1
26857618,2
79042073,2
16186426,1
23936969,1
70983224,1
42510672,2
59741367,1
99196003,2
13372600,1
19479867,3
89092036,1
38810988,2
64166958,2
8989613,1
43892576,1
104677320,1
821104,3
79632971,1
103789870,1
10723482,2
66924863,1
23670551,1
30975129,1
9894743,1
24347725,1
53571328,1
757808,1
79279915,2
18759579,2
35911303,1
91558248,2
1537132,2
64560001,1
3476878,1
16046336,6
90521774,2
32937631,2
61584417,2
24774581,1
6125477,2
51438798,4
108489437,1
35480871,1
100071355,1
72455283,1
51945076,3
91104300,1
90363466,1
17988270,4
13460221,3
19539578,1
67153613,1
23631744,1
35731028,1
24200150,1
1874700,2
65184691,1
24470257,3
94451527,1
87424814,1
61307033,1
783395,1
54393003,1
59027235,1
39361016,1
16382765,1
61786235,1
14202706,4
1232523,2
48979313,2
16197352,1
108504952,4
1006647,1
53106757,4
6612083,3
2458135,5
66706366,2
66003966,1
66717190,2
30392928,1
6389188,2
1154972,1
62474602,1
1165575,1
968687,1
45475696,2
49965405,2
21854994,2
7408420,3
1728587,1
62808608,1
25169943,1
17086625,1
40150894,2
72424394,3
59173748,1
37136075,2
80643388,1
66901425,3
25213607,1
52203905,1
77472118,1
66387912,2
158266,2
35595854,1
19856536,1
12349187,1
65359949,1
1748966,1
14415457,3
57841705,1
49455187,3
25413888,1
39814123,3
45094458,1
17157103,1
55818399,2
48495817,3
7409599,3
40360502,3
62849387,1
96792926,1
23970063,1
27284186,1
15924231,2
2560521,1
3420011,1
56642446,1
19490868,2
3375449,2
70774868,2
28679439,3
20534970,3
2245356,4
11736662,1
67299517,1
7460912,1
10850090,2
11580874,1
47474924,1
20160737,2
46807174,1
84756031,1
31561243,1
3143936,2
33187846,1
2436169,3
15974215,1
50424603,1
89414377,3
47493946,3
40397291,1
2380044,5
41742673,1
41353717,1
2501200,2
67711203,3
26392581,1
74710398,1
39111362,1
70326272,2
20063526,1
24263896,3
12016760,1
70940030,1
68871811,4
19592416,1
67924684,1
19984922,1
32094158,1
25975178,2
3201588,1
84478869,3
9230207,1
51430738,3
23243666,2
20695388,2
15267476,1
29172845,1
15533670,1
77765906,1
20500389,2
84787314,1
70974479,1
12161134,1
38373114,1
20702208,2
488522,1
44025534,2
9545087,1
310418,2
2113589,1
75913674,5
86371010,3
47332033,1
46913415,1
67772888,2
41630396,2
38680811,1
26367940,1
50722508,2
7985557,1
3220784,1
778000,2
40113307,4
5593038,1
60616063,1
64921762,3
36598191,3
18777704,3
51619432,1
56660055,2
24194139,1
35513667,1
28362467,3
71515854,1
15515459,3
56553339,2
81894842,3
38208585,1
23460938,1
51042824,1
106302848,1
34403202,1
50541343,1
32306254,1
18822099,1
791697,1
70918869,2
9234007,3
80258978,1
38535347,1
55118096,1
50949629,1
2896288,1
37307839,2
104546083,1
26899756,1
78768588,1
50753506,1
57118486,1
44253733,1
42362929,1
42436362,2
65372797,1
67828160,1
44648132,2
21010884,2
11797689,1
105061666,1
72825202,1
20655006,1
64717326,3
50785527,1
21761892,3
27421975,1
53581036,2
66054347,1
16353174,1
21369123,1
99619209,2
63732432,2
14893894,2
68552538,1
30633244,1
33538676,1
873823,1
21761698,3
13365304,2
35575054,3
20918177,1
33648891,2
15438485,1
65445827,1
54960266,1
34194788,2
10110659,3
30198686,1
15602463,2
6173252,2
23373453,1
59008906,1
20964165,3
58015251,1
30848203,1
6461544,1
1311808,1
38322794,1
975370,1
61917188,1
14153954,2
83065034,1
788582,1
76668075,1
23582792,1
6392345,1
23355886,1
92647432,1
107781835,1
956169,1
12396904,1
14209785,2
72949207,1
35301001,1
47568350,2
1414791,2
76159939,3
19841068,1
40855354,2
40718192,1
7073108,2
46621586,2
39727163,1
152868,2
11275622,2
7234401,1
7377725,1
14363229,2
30366532,1
88582683,1
43038073,1
3452,1
39941381,1
33821091,1
84425502,2
43089708,1
96902368,2
249559,1
14493518,1
45025669,2
19023922,1
14525458,1
39516864,1
66231102,1
22254051,1
6294545,1
28454598,1
23684879,1
46228619,1
19870240,1
58948834,1
28647076,1
26023402,2
13687996,1
37071371,1
16838240,1
7843599,4
94744546,1
30312,1
40224351,1
20435812,1
43556877,2
20504815,1
8264837,1
17040785,1
85768805,1
15624841,2
15035939,1
22922377,2
15407772,1
25950508,2
63642817,1
49980990,1
12365933,1
84235036,1
35058685,2
9101100,2
16917965,1
28080901,3
13705366,3
26465289,1
2288467,1
22550802,1
78482736,2
18446547,1
56743481,1
3220574,1
17882968,1
20287409,1
89175997,2
14596632,1
337117,1
81483539,1
31990900,1
56444114,2
37900138,1
757900,2
12056638,1
33351651,4
25024848,1
28477538,1
750568,2
19976867,3
2287321,1
19512542,1
5593438,1
26262492,1
107951890,1
89273731,1
33938545,5
20356455,1
394404,1
56524397,1
335934,1
26161486,1
8692596,1
7661003,1
15391273,1
20532999,1
9123693,1
41708898,1
33348215,1
9932525,1
5230570,1
27887638,1
35637617,2
30346429,1
5267929,1
914227,1
30252429,3
9753278,1
20792886,1
18721625,2
36370016,1
75102554,2
17860249,1
41919100,1
107273309,1
71834202,1
102973970,1
25611009,1
8197825,1
23581618,1
45971516,1
51867679,2
29766240,2
30197341,1
21226541,1
22035007,1
78835018,2
8852954,2
12800200,1
31957149,3
15733836,1
13696325,2
33739893,2
42750904,1
26672297,2
61718692,1
44134116,1
24359020,1
41567322,1
104704021,1
72828525,2
29885182,4
11596783,2
1477400,1
26558579,1
16617238,1
14559356,3
37342367,1
10551753,2
62273913,1
42942176,1
16222874,1
49848013,3
95093382,2
33641643,1
55567239,1
12376700,1
68978941,1
97394493,2
9662283,1
86861809,1
36565763,1
1707224,1
21132872,1
870418,1
859401,1
91529809,1
103170174,1
80203731,1
12227169,2
44804731,2
23973780,1
32653568,1
23803548,1
67938564,1
5014820,1
51755696,1
38134928,2
1182560,2
24742933,2
6457748,1
11030955,1
19597125,1
6899987,1
70228762,2
66322429,1
43227536,1
22062999,1
39273309,1
92274741,2
49327784,2
75750050,1
7547404,1
31859713,1
84380795,1
80022333,2
43057421,1
70647301,3
25481783,1
24840313,1
49450971,3
96635101,1
43210064,1
46163528,1
1627553,1
41387658,3
21417368,2
106005945,1
124878,2
398640,1
3005,3
85394468,1
31786968,1
84551226,1
23378972,1
66491489,2
80998945,1
28440936,1
84445552,1
7403555,2
83752299,1
27442903,1
240096,2
96658983,1
49568858,1
21945015,1
25800338,1
30009081,1
1738631,1
2217041,1
24426715,1
70854355,2
1589843,1
62559906,4
97258405,2
12112817,1
29513189,3
11891090,1
53057634,2
53573336,1
17431876,1
11618285,1
49827209,1
10203462,1
14096226,1
38469500,1
21999333,1
13923656,1
60474225,1
3331201,1
60330802,2
38135151,1
26651327,1
32504067,1
8441797,2
14774062,1
15280114,2
10693151,1
7748467,2
33966664,1
69882620,1
33636881,1
41829192,1
41940051,1
23255974,1
75581867,1
763447,1
2167501,2
63682037,1
8576537,2
68441117,1
705845,1
8703768,1
18048495,1
20162327,1
43897776,1
22502640,1
8462244,1
44111555,1
49463170,1
63949556,1
7033006,1
89138760,1
11847496,1
37482490,1
49918260,1
20174695,3
18668547,1
26838940,1
30024646,2
15791285,1
619018,1
27155779,1
67289962,2
5967208,1
106593665,3
26609719,1
20906486,2
30100847,1
33075551,1
750446,2
45479669,2
48507011,1
11572961,1
64094454,1
23886677,1
62840076,1
32080837,2
834259,1
734171,1
9230907,1
93952682,1
21165260,1
23383521,2
730787,1
47368909,1
32892850,2
82475368,1
47306047,1
82735033,2
9125628,2
72319200,1
9820087,1
3487607,1
9212068,1
86240571,3
33621854,2
930146,1
21546129,1
83162990,2
48213280,1
41616442,1
80413942,1
54754422,2
16752129,1
54668100,1
6126038,3
33409411,2
19421848,1
89729,1
28286322,1
1175240,1
45676318,1
1028140,1
9765558,1
16278652,3
29081178,3
20135313,1
102234651,1
57123717,2
68224817,1
27512331,1
27127044,2
83913127,1
33686546,2
50841585,1
44949577,2
80423442,1
74640070,1
5841920,1
6114777,1
67857397,2
39962635,1
51344187,2
91982836,1
20991367,1
36670389,4
10247688,1
30372628,1
42343310,1
4912821,2
10124591,1
71836789,1
26248969,4
24028591,1
21270445,1
53835593,1
5082203,2
13952676,1
62393562,2
10503066,1
71669403,2
58708854,1
53942932,1
20904751,1
80286722,1
93977559,2
104879420,1
48828141,1
10292473,1
65096455,1
33714237,1
2863,1
79292380,1
80664127,2
94204303,1
25079459,2
25408474,1
22004480,1
11438691,1
5521940,1
55937679,1
21963625,2
2011647,1
73762267,1
31667187,1
19977199,2
37281235,1
872,1
91707372,1
1377942,1
7566353,1
6971,1
76851351,1
11546831,2
249967,1
7368415,1
14394249,1
71591961,1
1762902,1
52501138,1
23473990,2
17107960,1
55821086,1
47266832,2
215172,1
33933741,4
16146914,1
10781242,1
13969579,1
11386795,1
3211846,1
52152921,1
14137893,1
33409531,1
51250581,1
106968315,2
1103062,1
60101668,1
34709933,1
17853001,1
20009324,3
3263156,1
11657653,1
52692303,1
33573599,1
35037854,1
28219149,1
98014406,1
20515400,1
40627321,1
15327801,1
3403463,1
75211009,1
2147283,2
93660204,1
14479144,1
96822960,1
6817580,1
44621006,1
56293064,1
37150963,1
48793310,1
60566862,1
624183,1
50841645,1
18115388,1
3509926,1
31971776,1
25443339,1
32446806,1
33700837,1
34680665,1
70400069,1
34529161,1
70820363,1
47159576,1
54622846,1
38029831,1
12623538,1
12764564,1
3443260,1
5401456,1
93303732,1
14841126,1
41596947,1
1874343,1
32490681,2
56887650,1
5512736,1
32955938,1
21290531,1
50701709,1
102192197,1
89649541,1
765066,1
63494116,1
26200517,1
35085035,1
50261027,1
42807713,1
618816,1
20557642,1
61006624,1
872823,1
4957797,1
82809252,2
5702646,1
51209457,1
98669010,1
28126768,1
48317593,1
28384369,1
35022191,2
39885057,2
47382137,1
59735146,1
95348076,2
12601997,2
10075469,1
65862501,1
43189504,1
17311573,1
29744124,1
15350353,1
83684811,1
54346428,1
48786281,2
45020158,2
16762842,1
101854899,1
40922042,1
5827864,1
30350916,1
32560433,1
72201907,1
15823889,1
849912,2
10124660,1
79648064,2
55522398,2
76265718,1
64778194,1
21414300,2
77860113,1
42580151,1
57999398,1
47287321,2
24811368,1
35218145,2
38549585,2
44622836,2
53730887,1
86326936,1
39332470,1
79506260,1
90050744,1
72418280,1
90892301,1
855012,1
52117134,1
33804510,1
100097416,1
53964380,1
19145947,1
54561657,1
22860729,1
41169337,1
99510305,1
13739694,1
29402103,1
36079687,1
65974888,1
61781832,1
68146331,1
16841822,1
105056208,1
80216971,1
16448922,2
6728565,1
44606977,1
21779286,2
28032634,1
45797224,1
46345692,2
42787556,1
14575248,1
37036581,3
39826768,1
31779882,1
43906971,1
32178809,2
55058842,1
46167855,1
6373748,1
45952915,1
52379127,1
160873,1
19708401,1
29892911,1
66142648,2
47223486,2
18016955,1
47660749,1
49071594,1
28119181,1
34372907,1
80185,1
64033963,2
35481581,1
19931685,1
39831230,2
66411824,1
7952567,1
36546326,1
49402714,1
30885073,1
19981489,1
20049708,1
62150652,1
40538277,1
17506999,1
46816664,1
14215975,1
47180731,1
32498295,1
2451044,1
412597,1
16320760,1
3154794,1
20437700,1
72410095,1
34675627,1
74907595,1
17357515,1
43608660,1
2441101,1
27899144,1
12078024,1
29505197,2
17940060,1
782501,1
60381582,1
17491086,1
86528579,1
32173157,1
63111695,1
59978099,1
22316386,1
2433594,1
29388392,1
36502251,1
20006405,1
107555532,1
53161167,1
75169094,1
3163806,1
22966729,1
9655142,1
99310373,2
9396543,1
39017066,2
64491111,1
55529051,1
107279345,1
18354989,1
14519691,1
14595798,1
72403264,1
75627755,1
75756475,1
40796087,1
3363398,1
18889889,1
44960961,1
102871723,1
50624071,1
71356873,1
69247146,1
10111601,1
71990119,1
34486423,1
21529900,2
57324166,1
21193952,1
48872606,1
41017183,1
937858,1
13844270,1
6031140,1
54378222,1
66019903,1
848705,1
46313994,1
35022884,1
24235357,1
1031838,1
53642402,1
39479175,1
25812051,1
781711,1
40124708,1
94408517,1
10130246,1
35929321,1
781952,1
10136069,1
16372261,1
24222965,1
76057797,1
33405452,1
9964420,1
9987127,1
80191232,1
62204968,1
14507637,1
33051608,1
83523070,2
9310621,2
10367849,1
58778013,2
85651681,1
13960183,1
11353029,1
24459766,1
84113017,1
928895,1
24845124,1
61426455,1
1186358,1
48550895,1
28951502,1
86808005,1
2574803,1
19379407,1
45589430,1
13976079,1
29554294,1
45540705,3
1756290,1
5999,2
106178401,1
149180,1
17329699,1
84481336,1
21188458,1
78624190,1
11278855,1
19840754,1
28248888,1
1920623,1
42792424,2
43392791,1
77262723,1
11406322,1
46343072,1
49390935,1
96512230,1
28089425,1
22250522,1
2042655,1
25277537,1
36821194,1
34351750,1
28661941,1
21965742,1
34508147,1
40278937,1
43552297,1
2149119,1
40672866,1
20105274,1
77221762,1
28028793,1
2951234,1
36736615,1
19485457,1
42473794,1
44321613,1
62601223,1
3268533,1
101981049,1
29365510,1
11997805,1
81654948,1
47132316,1
70910487,1
59934665,1
33671497,1
17847640,1
56427575,1
23531223,1
70073518,1
54041684,1
12457479,1
37713111,1
2545673,1
63415960,1
42806240,1
7660602,1
23117090,1
11704312,1
66578685,1
50570481,1
2908993,1
17851577,1
5233938,1
32854510,1
8728059,1
38148037,1
15616901,1
20002035,1
78356628,1
2017733,1
3057317,1
70280564,1
20650940,1
867934,1
72290342,1
35608078,2
9982762,1
24218099,1
11256987,1
15560760,1
33381513,1
84816344,1
755718,1
8969925,1
47735563,1
16570900,1
5745800,1
38494492,1
15748739,1
17883351,1
58385972,1
50583958,1
82082077,1
20926846,1
27412538,1
41976250,1
35207689,1
94093582,1
60963171,1
5580017,1
45037518,1
16189522,1
47948559,1
1181044,1
21671737,1
81952988,1
629793,1
27435940,1
26636372,1
53836693,1
21234225,2
38122831,1
854988,1
800574,1
94328681,1
26072460,1
923704,1
35349174,1
10326497,1
17224602,1
68629258,1
22621407,1
10164095,1
58898972,1
47343051,1
993829,1
21524166,1
24862193,2
31663760,1
33201627,1
20898094,1
804507,1
99172798,1
45099827,1
13336134,1
16118061,1
15993944,1
30110649,1
30651129,1
16894175,1
67326870,1
12671832,1
