id,date_created,date_resolved,days_resolution
52152921,2017-07-03 07:33:38 UTC,2017-12-18 10:53:11 UTC,168
3072344,2013-07-10 14:13:30 UTC,2014-02-12 17:10:13 UTC,217
51115216,2017-06-14 20:30:09 UTC,2017-07-18 18:57:43 UTC,33
39771694,2016-11-17 12:33:58 UTC,2016-11-17 14:31:45 UTC,0
19786075,2015-07-10 15:40:49 UTC,2015-07-30 04:52:27 UTC,19
49095232,2017-05-09 18:58:59 UTC,2017-05-10 23:57:05 UTC,1
43971644,2017-02-12 17:03:23 UTC,2017-05-12 21:43:54 UTC,89
36767563,2016-09-20 00:55:19 UTC,2016-09-21 17:56:10 UTC,1
37771690,2016-10-10 07:50:27 UTC,2017-07-08 05:00:01 UTC,270
30112401,2016-04-12 22:13:16 UTC,2016-05-18 12:19:01 UTC,35
45556556,2017-03-10 20:08:41 UTC,2017-03-17 18:15:46 UTC,6
52885596,2017-07-15 12:05:03 UTC,2017-07-15 15:19:43 UTC,0
27845866,2016-02-24 13:36:18 UTC,2016-09-19 09:26:13 UTC,207
17582111,2015-04-29 13:42:14 UTC,2019-04-24 16:18:20 UTC,1456
25213607,2015-12-19 08:25:22 UTC,2015-12-20 06:35:50 UTC,0
28020425,2016-02-28 12:04:57 UTC,2016-03-03 19:57:40 UTC,4
98323,2011-05-28 08:22:01 UTC,2011-05-28 08:22:40 UTC,0
6885277,2014-01-20 07:33:29 UTC,2014-01-22 12:31:06 UTC,2
17690170,2015-05-03 16:27:11 UTC,2015-05-04 22:41:47 UTC,1
310749,2011-05-06 23:43:18 UTC,2011-05-07 00:16:44 UTC,0
99376711,2019-02-23 01:57:01 UTC,2019-03-09 20:25:10 UTC,14
81511830,2018-08-17 09:34:38 UTC,2018-08-17 09:49:30 UTC,0
26332783,2016-01-21 15:23:03 UTC,2016-01-27 00:11:25 UTC,5
2017733,2013-03-26 13:53:03 UTC,2013-05-04 10:52:37 UTC,38
3075649,2013-07-10 22:03:48 UTC,2013-08-26 21:31:03 UTC,46
2217041,2013-05-07 14:31:45 UTC,2013-06-13 20:02:11 UTC,37
25364228,2015-12-24 00:52:51 UTC,2016-01-26 10:10:17 UTC,33
37737888,2016-10-09 09:33:49 UTC,2016-10-09 10:10:45 UTC,0
40278937,2016-11-28 05:40:07 UTC,2016-12-06 14:03:01 UTC,8
1425688,2013-01-29 18:44:30 UTC,2013-02-05 00:14:43 UTC,6
52708800,2017-07-12 15:32:40 UTC,2017-07-27 16:53:54 UTC,15
98509515,2019-02-15 16:32:59 UTC,2019-02-15 19:32:08 UTC,0
63113226,2017-12-20 10:31:57 UTC,2017-12-20 16:17:02 UTC,0
84644937,2018-09-24 09:13:31 UTC,2018-11-20 10:34:36 UTC,57
21752593,2015-09-15 02:28:52 UTC,2015-11-05 17:32:27 UTC,51
89175997,2018-11-08 19:03:42 UTC,2018-11-08 22:53:26 UTC,0
36392079,2016-09-12 09:14:55 UTC,2016-10-15 14:12:45 UTC,33
2274692,2013-05-13 06:12:21 UTC,2013-05-13 19:52:05 UTC,0
8621975,2011-08-29 12:46:15 UTC,2011-11-28 18:38:35 UTC,91
66916937,2018-02-15 06:21:59 UTC,2018-02-17 11:20:43 UTC,2
9307328,2014-05-29 12:46:14 UTC,2014-05-30 07:32:46 UTC,0
5428844,2013-10-16 18:29:15 UTC,2013-10-21 13:33:51 UTC,4
51817139,2017-06-27 08:57:14 UTC,2017-06-28 22:02:41 UTC,1
663133,2012-09-24 10:50:16 UTC,2012-09-24 13:21:47 UTC,0
107546274,2019-05-10 15:44:58 UTC,2019-05-14 23:09:16 UTC,4
734225,2012-10-03 20:37:17 UTC,2012-10-07 14:03:00 UTC,3
21019112,2015-08-23 23:03:59 UTC,2015-10-27 15:56:54 UTC,64
5241975,2013-09-25 11:17:38 UTC,2013-11-05 19:09:15 UTC,41
75766690,2018-06-06 09:13:34 UTC,2018-06-06 09:42:30 UTC,0
734391,2012-09-14 05:21:03 UTC,2012-09-14 13:44:25 UTC,0
11155002,2014-08-23 13:20:17 UTC,2014-08-23 15:48:50 UTC,0
80746169,2018-08-08 05:04:31 UTC,2018-09-10 20:10:34 UTC,33
902822,2011-08-02 12:31:19 UTC,2011-08-09 12:16:14 UTC,6
93392962,2018-12-22 08:01:25 UTC,2019-05-22 13:51:09 UTC,151
41758044,2017-01-02 02:27:35 UTC,2017-01-03 09:24:37 UTC,1
559870,2011-08-16 15:03:49 UTC,2011-09-08 20:52:08 UTC,23
50986723,2017-06-12 23:36:51 UTC,2017-06-18 12:08:01 UTC,5
30736476,2016-04-25 17:10:10 UTC,2016-04-26 15:44:22 UTC,0
74348600,2018-05-19 22:18:15 UTC,2018-12-06 15:08:51 UTC,200
34676236,2016-08-04 21:25:21 UTC,2018-04-27 17:49:46 UTC,630
54744249,2017-08-16 15:35:09 UTC,2017-08-28 09:45:39 UTC,11
4912821,2013-09-03 21:18:43 UTC,2013-12-10 20:39:32 UTC,97
41379111,2016-12-21 19:47:34 UTC,2017-03-06 12:07:41 UTC,74
3539971,2013-08-27 05:15:08 UTC,2013-09-25 22:25:35 UTC,29
5932886,2013-11-18 17:15:51 UTC,2013-11-24 19:10:37 UTC,6
46665942,2017-03-29 10:50:43 UTC,2017-04-25 15:33:38 UTC,27
2476028,2013-06-06 07:01:08 UTC,2014-12-30 08:36:23 UTC,572
23644514,2015-11-08 16:22:38 UTC,2016-02-13 15:36:49 UTC,96
71887705,2018-04-18 18:46:10 UTC,2018-04-21 02:43:01 UTC,2
35575054,2016-08-24 21:22:23 UTC,2016-09-14 04:35:59 UTC,20
61255659,2017-11-22 18:18:16 UTC,2017-11-24 07:53:27 UTC,1
10073805,2014-07-07 11:33:31 UTC,2014-07-07 11:36:44 UTC,0
30167820,2016-04-13 20:48:54 UTC,2016-04-13 20:49:30 UTC,0
48885038,2017-05-05 19:15:08 UTC,2017-05-05 19:47:26 UTC,0
69266894,2018-03-16 12:24:05 UTC,2018-03-20 15:49:56 UTC,4
6881437,2013-06-02 05:25:00 UTC,2014-01-19 22:48:15 UTC,231
65979232,2018-02-02 11:57:24 UTC,2018-02-02 15:41:08 UTC,0
14044893,2014-12-29 16:08:04 UTC,2014-12-29 20:51:38 UTC,0
35596500,2016-08-25 09:14:51 UTC,2016-08-30 22:13:08 UTC,5
5032597,2013-09-18 02:54:45 UTC,2013-11-09 22:13:59 UTC,52
27824746,2016-02-24 02:50:35 UTC,2016-03-05 09:49:10 UTC,10
44151,2012-09-05 12:47:41 UTC,2012-09-10 12:21:24 UTC,4
42705133,2017-01-20 04:12:06 UTC,2017-02-02 10:18:54 UTC,13
11546831,2014-09-11 15:57:48 UTC,2014-09-23 08:13:49 UTC,11
31796041,2016-05-13 19:01:34 UTC,2016-05-13 22:57:15 UTC,0
52695024,2017-07-12 11:51:51 UTC,2017-07-12 12:03:06 UTC,0
73492428,2018-05-09 07:29:28 UTC,2018-05-09 07:55:13 UTC,0
6668693,2014-01-05 09:18:06 UTC,2015-04-21 06:37:50 UTC,470
264046,2012-03-13 08:46:31 UTC,2012-03-17 19:27:46 UTC,4
31425980,2016-05-05 18:14:38 UTC,2018-06-21 15:22:35 UTC,776
14493518,2015-01-16 18:09:57 UTC,2015-01-16 19:04:46 UTC,0
50253759,2017-05-31 06:39:22 UTC,2017-07-08 05:00:25 UTC,37
14364210,2015-01-12 07:26:55 UTC,2015-01-15 06:21:38 UTC,2
78711363,2018-07-13 09:48:10 UTC,2018-08-12 22:55:38 UTC,30
36753136,2016-09-19 19:09:14 UTC,2016-09-24 19:00:40 UTC,4
51430738,2017-06-20 16:16:30 UTC,2017-10-25 14:57:10 UTC,126
36606992,2016-09-16 05:11:07 UTC,2016-09-26 04:18:13 UTC,9
24305631,2015-11-26 13:55:18 UTC,2015-12-22 14:39:18 UTC,26
19960237,2015-07-16 04:04:31 UTC,2015-07-16 04:22:31 UTC,0
174982,2011-06-23 11:15:53 UTC,2011-06-29 15:45:23 UTC,6
62994364,2017-12-18 12:35:05 UTC,2017-12-18 13:06:12 UTC,0
28162194,2016-03-02 10:57:53 UTC,2017-05-20 08:59:37 UTC,443
12634348,2014-11-02 15:15:45 UTC,2015-01-21 11:54:47 UTC,79
173735,2012-05-21 14:57:46 UTC,2012-05-21 15:09:39 UTC,0
28871834,2016-03-17 09:41:01 UTC,2016-03-17 12:47:37 UTC,0
88291345,2018-10-31 00:37:44 UTC,2018-11-02 12:02:20 UTC,2
67856794,2018-02-27 17:38:43 UTC,2018-05-10 17:59:46 UTC,72
1493386,2013-02-09 09:29:48 UTC,2013-03-12 20:34:44 UTC,31
49077739,2017-05-09 14:16:06 UTC,2017-05-11 11:17:21 UTC,1
162377,2011-09-13 17:20:27 UTC,2011-09-18 05:41:35 UTC,4
42898985,2017-01-24 01:32:39 UTC,2017-01-29 23:22:31 UTC,5
36740598,2016-09-19 14:27:15 UTC,2016-09-19 14:35:03 UTC,0
25978914,2016-01-13 05:46:42 UTC,2016-01-14 22:02:37 UTC,1
21392322,2015-09-04 18:34:50 UTC,2015-10-06 18:23:02 UTC,31
96262660,2019-01-25 15:25:01 UTC,2019-02-13 10:15:35 UTC,18
8884089,2014-04-30 12:18:16 UTC,2015-10-23 12:05:56 UTC,540
33549894,2016-06-27 18:52:06 UTC,2016-08-05 11:58:50 UTC,38
22502640,2015-10-08 07:06:49 UTC,2015-10-08 22:25:41 UTC,0
19558504,2015-07-31 05:33:01 UTC,2015-11-04 17:33:47 UTC,96
43647327,2017-02-08 03:36:01 UTC,2017-02-08 23:37:47 UTC,0
18246248,2014-09-07 08:37:44 UTC,2015-05-27 05:27:04 UTC,261
9386869,2014-06-03 09:17:42 UTC,2014-10-02 16:31:10 UTC,121
17445291,2015-04-24 17:25:28 UTC,2015-04-25 05:14:53 UTC,0
11963220,2014-10-03 15:08:57 UTC,2014-10-03 15:25:25 UTC,0
74889987,2018-05-26 11:22:58 UTC,2018-05-26 16:35:52 UTC,0
15076744,2015-02-06 15:39:08 UTC,2015-02-10 21:23:30 UTC,4
14849853,2015-01-29 19:07:29 UTC,2015-01-29 20:24:34 UTC,0
12837983,2014-11-12 16:04:58 UTC,2014-11-18 15:54:54 UTC,5
11984035,2014-10-04 11:56:35 UTC,2014-10-04 21:26:09 UTC,0
17424121,2015-04-24 03:50:13 UTC,2015-04-26 14:28:25 UTC,2
80238907,2018-08-01 17:09:51 UTC,2018-11-09 12:41:47 UTC,99
20614235,2015-08-10 04:52:26 UTC,2015-08-10 13:39:33 UTC,0
5207169,2013-09-30 10:56:06 UTC,2013-10-09 13:02:52 UTC,9
21140783,2015-08-26 13:51:39 UTC,2016-03-28 17:00:26 UTC,215
44553421,2017-02-22 13:39:24 UTC,2017-02-23 00:48:12 UTC,0
56882931,2017-09-21 09:37:16 UTC,2017-09-28 18:08:15 UTC,7
12523800,2014-10-28 21:46:07 UTC,2014-10-29 21:21:53 UTC,0
54036744,2017-08-04 05:18:05 UTC,2017-08-06 02:28:48 UTC,1
15999004,2015-03-08 20:49:28 UTC,2015-08-11 20:45:10 UTC,155
47111922,2017-04-05 14:46:57 UTC,2017-04-07 10:11:53 UTC,1
5165737,2013-09-26 09:36:30 UTC,2013-10-07 02:50:43 UTC,10
54290825,2017-08-08 22:07:59 UTC,2018-01-11 05:00:13 UTC,155
32564235,2016-05-31 20:01:19 UTC,2016-06-09 23:02:38 UTC,9
36636184,2016-09-16 17:33:34 UTC,2016-10-28 23:32:42 UTC,42
28126768,2016-03-01 18:20:49 UTC,2016-12-31 15:37:07 UTC,304
2237750,2013-05-09 11:09:46 UTC,2013-10-06 16:44:14 UTC,150
9157222,2014-05-22 00:31:04 UTC,2014-05-28 16:04:10 UTC,6
18218887,2015-05-20 19:09:39 UTC,2015-06-15 19:05:30 UTC,25
82699246,2018-08-31 13:50:43 UTC,2018-09-07 05:59:22 UTC,6
15600756,2015-02-24 22:22:35 UTC,2015-04-06 00:01:11 UTC,40
50148560,2017-05-29 13:59:53 UTC,2017-06-14 15:18:41 UTC,16
20544343,2015-08-06 19:26:56 UTC,2015-08-08 07:37:30 UTC,1
955147,2011-10-15 07:52:19 UTC,2011-10-15 19:20:31 UTC,0
25175796,2015-12-18 08:58:27 UTC,2016-02-19 04:22:54 UTC,62
67594239,2018-02-23 23:02:53 UTC,2018-03-08 15:22:32 UTC,12
878325,2012-10-10 21:09:08 UTC,2012-10-22 18:47:19 UTC,11
64417689,2018-01-12 09:44:57 UTC,2018-01-17 19:10:49 UTC,5
30082193,2016-04-12 11:04:21 UTC,2016-04-18 11:37:56 UTC,6
6300106,2013-12-11 15:13:36 UTC,2013-12-11 15:19:48 UTC,0
51386095,2017-06-19 23:39:54 UTC,2017-07-01 18:27:25 UTC,11
6495916,2013-12-21 22:48:55 UTC,2014-01-05 12:28:55 UTC,14
10860047,2014-08-11 09:43:05 UTC,2014-08-11 15:56:56 UTC,0
33199342,2016-06-15 20:42:19 UTC,2017-01-20 20:39:31 UTC,218
19581299,2015-08-04 06:23:34 UTC,2015-09-04 10:07:35 UTC,31
94555013,2019-01-08 16:12:24 UTC,2019-01-08 22:47:56 UTC,0
100097416,2019-03-02 21:20:01 UTC,2019-04-02 17:52:28 UTC,30
18880675,2015-06-11 11:36:41 UTC,2015-11-12 09:56:38 UTC,153
1121357,2012-12-12 09:27:15 UTC,2012-12-12 13:09:43 UTC,0
14196020,2015-01-06 11:51:59 UTC,2015-01-06 23:06:43 UTC,0
34578932,2016-08-02 19:01:46 UTC,2016-08-30 22:49:31 UTC,28
21477622,2015-09-08 15:00:30 UTC,2015-09-18 16:52:12 UTC,10
8844418,2014-04-28 15:58:40 UTC,2014-07-21 18:26:25 UTC,84
21567556,2015-09-11 10:21:37 UTC,2015-09-11 19:35:18 UTC,0
38335082,2016-10-20 16:16:41 UTC,2017-05-15 16:17:27 UTC,207
20925277,2014-04-30 17:29:10 UTC,2017-05-10 17:15:31 UTC,1105
69961411,2018-03-25 14:50:11 UTC,2018-03-25 21:54:57 UTC,0
25732092,2016-01-06 21:22:06 UTC,2016-01-07 07:23:49 UTC,0
6892337,2014-01-20 16:34:21 UTC,2014-02-13 09:42:53 UTC,23
53225061,2017-07-21 05:33:55 UTC,2017-07-21 13:46:55 UTC,0
71591961,2018-04-15 12:15:55 UTC,2018-05-11 13:49:28 UTC,26
36915249,2016-09-22 14:34:08 UTC,2016-09-22 14:39:48 UTC,0
7391398,2011-05-04 16:22:00 UTC,2011-05-09 17:59:38 UTC,5
149335,2012-05-30 18:03:26 UTC,2012-06-18 19:41:30 UTC,19
25157050,2015-12-17 20:12:56 UTC,2015-12-18 03:20:53 UTC,0
173988,2012-04-11 21:40:28 UTC,2012-04-18 01:24:32 UTC,6
46089,2012-11-07 18:30:07 UTC,2012-11-07 18:52:11 UTC,0
25485268,2015-12-29 16:58:03 UTC,2015-12-29 21:35:41 UTC,0
24654580,2015-12-05 14:41:08 UTC,2016-01-06 16:14:13 UTC,32
242165,2011-05-14 10:28:26 UTC,2011-05-18 15:37:26 UTC,4
1990309,2013-03-29 13:52:49 UTC,2013-04-13 07:36:03 UTC,14
7377758,2013-04-09 09:02:19 UTC,2013-05-02 05:54:11 UTC,22
3160578,2013-07-18 11:35:54 UTC,2015-01-11 21:03:51 UTC,542
70487208,2018-04-01 11:52:21 UTC,2018-04-07 14:10:29 UTC,6
28891508,2016-03-17 17:07:25 UTC,2016-03-23 17:52:46 UTC,6
20006405,2015-07-18 02:45:23 UTC,2015-07-18 03:22:02 UTC,0
21224995,2014-02-27 19:43:27 UTC,2015-04-23 12:57:27 UTC,419
73756366,2018-05-12 10:26:50 UTC,2018-05-19 04:27:32 UTC,6
1924997,2013-03-22 06:45:03 UTC,2013-05-30 13:39:39 UTC,69
8652835,2014-04-16 14:59:21 UTC,2014-04-22 15:22:57 UTC,6
3368542,2012-08-01 13:56:38 UTC,2012-12-08 07:13:11 UTC,128
17859535,2015-05-08 18:05:29 UTC,2015-05-19 17:56:43 UTC,10
18246248,2014-09-07 08:37:44 UTC,2014-11-06 12:27:46 UTC,60
33671497,2016-07-01 08:08:33 UTC,2016-07-30 05:43:22 UTC,28
2122204,2013-04-30 06:02:20 UTC,2013-05-06 00:30:12 UTC,5
2929939,2013-06-22 20:59:17 UTC,2013-07-29 18:10:44 UTC,36
12462182,2014-10-26 18:52:23 UTC,2014-10-27 15:14:44 UTC,0
65698775,2018-01-30 03:10:26 UTC,2018-09-25 00:20:57 UTC,237
8464862,2014-04-07 14:09:03 UTC,2014-04-08 21:58:21 UTC,1
33106357,2016-06-13 10:22:45 UTC,2016-06-13 17:06:58 UTC,0
42656886,2017-01-19 08:07:34 UTC,2017-02-04 19:01:29 UTC,16
1926819,2013-03-17 12:27:06 UTC,2013-03-22 11:05:54 UTC,4
20206527,2015-07-24 16:55:09 UTC,2015-07-29 10:59:41 UTC,4
12169384,2014-10-13 21:49:53 UTC,2014-10-29 08:53:23 UTC,15
15951316,2015-03-06 16:48:32 UTC,2015-03-09 13:28:08 UTC,2
75718879,2018-06-05 19:43:07 UTC,2018-06-05 23:43:03 UTC,0
88338294,2018-10-31 11:28:09 UTC,2018-12-02 21:04:02 UTC,32
5276696,2013-10-05 06:05:06 UTC,2013-10-10 15:39:49 UTC,5
107536252,2019-05-10 14:10:44 UTC,2019-05-21 15:15:22 UTC,11
88450311,2018-11-01 09:35:29 UTC,2018-11-29 10:57:16 UTC,28
35131193,2016-08-15 16:47:35 UTC,2016-08-24 02:53:47 UTC,8
84015883,2018-09-17 02:15:36 UTC,2019-01-06 21:19:46 UTC,111
759012,2012-04-16 03:10:10 UTC,2012-04-16 11:33:08 UTC,0
762044,2011-09-28 15:53:10 UTC,2011-09-29 10:02:03 UTC,0
29289288,2016-03-26 14:40:44 UTC,2016-03-30 13:39:59 UTC,3
16051815,2015-03-10 13:45:10 UTC,2018-06-14 22:41:36 UTC,1192
9085249,2014-05-18 17:44:54 UTC,2014-05-22 13:43:55 UTC,3
78273047,2018-07-08 00:47:09 UTC,2018-07-14 07:52:16 UTC,6
2865653,2013-04-20 17:02:08 UTC,2013-04-22 01:55:15 UTC,1
87036718,2018-10-18 13:21:35 UTC,2018-10-19 18:59:17 UTC,1
27023995,2016-02-06 02:30:56 UTC,2016-04-22 02:41:57 UTC,76
44007850,2017-02-13 12:19:29 UTC,2017-02-13 14:20:07 UTC,0
33046535,2016-06-10 20:38:15 UTC,2016-06-11 03:15:37 UTC,0
938879,2011-07-07 01:20:22 UTC,2011-07-07 14:10:12 UTC,0
39410728,2016-11-10 13:52:13 UTC,2016-11-11 08:23:57 UTC,0
56882931,2017-09-21 09:37:16 UTC,2018-04-26 00:26:32 UTC,216
16699452,2015-03-31 20:00:15 UTC,2015-03-31 20:57:32 UTC,0
27834761,2016-02-24 08:41:47 UTC,2016-02-25 14:00:02 UTC,1
53730887,2017-07-30 09:45:34 UTC,2017-10-18 08:19:04 UTC,79
1924353,2013-03-22 03:26:18 UTC,2013-12-13 23:09:47 UTC,266
10529323,2014-07-27 09:22:16 UTC,2014-07-27 13:26:50 UTC,0
21482880,2015-09-08 17:51:34 UTC,2015-09-08 22:16:36 UTC,0
99742304,2019-02-26 16:44:06 UTC,2019-02-26 20:03:24 UTC,0
64727337,2018-01-17 01:03:11 UTC,2018-12-03 16:38:15 UTC,320
92147034,2018-12-10 15:41:34 UTC,2018-12-10 18:38:03 UTC,0
13520760,2014-11-30 07:34:18 UTC,2014-11-30 12:30:56 UTC,0
878717,2011-10-26 20:26:20 UTC,2011-10-26 20:35:07 UTC,0
35480423,2016-08-23 07:47:56 UTC,2016-08-23 21:30:46 UTC,0
54852019,2017-08-18 03:08:32 UTC,2017-08-18 05:44:20 UTC,0
794090,2012-04-06 07:09:05 UTC,2012-04-10 03:46:09 UTC,3
1048566,2011-06-27 13:57:28 UTC,2011-10-31 01:37:38 UTC,125
61660067,2017-11-29 03:07:05 UTC,2017-11-29 17:02:49 UTC,0
16501402,2015-03-25 09:09:34 UTC,2015-03-25 12:04:27 UTC,0
22112471,2015-09-28 16:29:14 UTC,2016-11-07 22:35:04 UTC,406
13924676,2014-12-22 17:11:58 UTC,2014-12-22 20:25:00 UTC,0
14202706,2015-01-06 16:28:06 UTC,2015-04-10 17:17:46 UTC,94
72405644,2018-04-25 07:20:15 UTC,2019-01-19 14:37:24 UTC,269
69033983,2018-03-13 22:30:15 UTC,2018-03-16 11:13:48 UTC,2
33944049,2016-07-13 09:04:42 UTC,2016-07-18 18:28:38 UTC,5
27511064,2016-02-17 15:22:03 UTC,2016-03-07 15:58:59 UTC,19
281924,2011-04-07 23:13:14 UTC,2011-07-29 00:06:39 UTC,112
96304922,2019-01-26 00:19:38 UTC,2019-02-01 03:33:09 UTC,6
28720784,2016-03-14 13:36:35 UTC,2016-03-15 13:49:58 UTC,1
23735726,2015-08-24 01:46:25 UTC,2015-12-31 19:24:57 UTC,129
28188491,2016-03-02 20:22:00 UTC,2016-03-03 23:16:42 UTC,1
25437347,2015-12-28 01:48:07 UTC,2016-01-02 10:58:52 UTC,5
6750198,2014-01-10 22:33:57 UTC,2014-01-25 23:10:49 UTC,15
62404529,2017-12-09 03:25:35 UTC,2017-12-17 22:56:31 UTC,8
174837,2011-07-24 18:34:31 UTC,2011-07-24 18:51:57 UTC,0
80677874,2018-08-07 12:06:50 UTC,2018-12-10 23:32:09 UTC,125
102024179,2019-03-20 17:31:50 UTC,2019-03-20 18:25:29 UTC,0
3331201,2012-08-04 04:41:10 UTC,2012-09-05 19:33:18 UTC,32
53057634,2017-07-18 17:49:22 UTC,2017-09-19 16:36:02 UTC,62
2423101,2013-05-23 18:50:24 UTC,2013-05-28 20:49:58 UTC,5
16320760,2015-03-19 05:29:12 UTC,2015-04-23 14:30:01 UTC,35
40719305,2016-12-06 10:18:09 UTC,2016-12-07 18:17:34 UTC,1
57498978,2017-10-01 00:00:30 UTC,2017-11-10 23:04:22 UTC,40
99892533,2019-02-27 23:41:32 UTC,2019-03-11 23:41:17 UTC,11
32226393,2016-05-23 21:20:39 UTC,2018-02-17 17:53:38 UTC,634
22533085,2015-10-08 21:53:14 UTC,2015-10-13 19:07:23 UTC,4
62105778,2017-12-05 11:15:23 UTC,2018-02-16 19:45:22 UTC,73
80638445,2018-08-07 00:47:58 UTC,2018-11-09 19:25:18 UTC,94
36393962,2016-09-12 10:03:42 UTC,2016-10-24 10:21:13 UTC,42
22521224,2015-10-08 15:51:11 UTC,2015-10-10 15:19:07 UTC,1
40128871,2016-11-24 08:20:40 UTC,2016-12-04 18:02:13 UTC,10
2749493,2012-04-05 16:51:19 UTC,2012-05-12 04:15:12 UTC,36
66142648,2018-02-05 19:27:52 UTC,2018-02-26 16:15:25 UTC,20
17611458,2015-04-30 11:05:24 UTC,2015-04-30 14:04:34 UTC,0
50030542,2017-05-23 14:53:08 UTC,2017-05-29 09:13:34 UTC,5
41858228,2016-12-28 21:53:11 UTC,2017-01-04 08:59:22 UTC,6
56784934,2017-09-19 23:05:18 UTC,2017-11-10 23:46:59 UTC,52
102276072,2019-03-22 05:52:54 UTC,2019-03-24 09:04:01 UTC,2
8620721,2013-11-27 23:45:20 UTC,2013-11-27 23:51:53 UTC,0
772516,2012-09-08 12:53:35 UTC,2012-10-30 16:49:24 UTC,52
29828453,2016-04-06 17:38:32 UTC,2016-04-06 23:18:21 UTC,0
35606221,2016-08-25 12:48:50 UTC,2016-08-25 14:09:17 UTC,0
42302064,2017-01-12 16:02:59 UTC,2017-09-01 13:20:39 UTC,231
47968062,2017-04-20 08:33:50 UTC,2017-06-21 14:59:48 UTC,62
746526,2012-03-01 00:08:46 UTC,2012-08-03 23:14:42 UTC,155
49019977,2017-05-08 16:59:13 UTC,2017-09-30 08:13:54 UTC,144
9824307,2014-06-25 06:38:07 UTC,2014-06-25 07:42:50 UTC,0
50800885,2017-06-09 02:26:31 UTC,2017-06-09 15:00:31 UTC,0
38220337,2016-10-18 09:06:37 UTC,2016-10-20 09:58:32 UTC,2
20693815,2015-08-12 07:52:51 UTC,2015-08-13 17:19:22 UTC,1
50708757,2017-06-07 17:49:02 UTC,2017-06-07 19:52:51 UTC,0
8734915,2014-04-22 12:13:40 UTC,2014-04-24 11:49:42 UTC,1
40719711,2016-12-06 10:27:16 UTC,2016-12-22 16:46:08 UTC,16
63253545,2017-12-22 17:30:03 UTC,2018-01-19 22:28:12 UTC,28
23031021,2015-10-23 12:12:02 UTC,2015-11-03 02:09:07 UTC,10
15740986,2015-02-28 18:38:22 UTC,2015-11-08 04:31:53 UTC,252
42685697,2017-01-19 18:45:43 UTC,2017-01-19 19:03:41 UTC,0
77860113,2018-07-02 17:41:50 UTC,2018-07-20 01:05:39 UTC,17
33679903,2016-07-01 13:47:23 UTC,2016-07-01 13:48:53 UTC,0
5896035,2013-11-15 19:22:06 UTC,2015-03-01 00:29:45 UTC,470
36404439,2016-09-12 14:25:04 UTC,2017-04-20 08:20:16 UTC,219
23325216,2015-10-31 01:44:37 UTC,2015-10-31 17:19:47 UTC,0
24036714,2015-11-18 10:08:48 UTC,2015-11-20 18:37:28 UTC,2
5977563,2013-11-20 14:43:17 UTC,2013-11-25 22:00:11 UTC,5
18412501,2015-05-27 15:26:22 UTC,2015-06-11 16:16:07 UTC,15
67677035,2018-02-25 15:24:21 UTC,2018-08-28 21:49:07 UTC,184
35854191,2016-08-31 07:48:46 UTC,2016-09-08 16:25:25 UTC,8
18987458,2015-05-27 06:15:21 UTC,2016-01-21 09:59:21 UTC,239
62668903,2017-12-13 09:46:57 UTC,2018-01-30 08:37:41 UTC,47
42740519,2017-01-20 20:27:09 UTC,2019-05-26 08:40:00 UTC,855
14198321,2015-01-06 13:46:40 UTC,2015-01-06 22:38:40 UTC,0
75683105,2018-06-05 12:47:46 UTC,2018-06-12 21:47:28 UTC,7
159181,2012-10-30 22:42:04 UTC,2013-10-31 10:32:49 UTC,365
85626615,2018-10-04 06:40:17 UTC,2018-10-11 18:18:22 UTC,7
21540808,2015-09-10 13:23:13 UTC,2015-09-11 13:07:27 UTC,0
10121924,2013-04-03 16:41:08 UTC,2013-04-04 14:45:48 UTC,0
72957585,2018-05-02 12:32:01 UTC,2018-05-02 14:18:42 UTC,0
58862123,2012-08-19 11:22:14 UTC,2012-11-04 16:16:11 UTC,77
52985723,2017-07-17 17:23:15 UTC,2017-10-16 21:45:45 UTC,91
10517881,2014-07-23 19:28:44 UTC,2014-07-27 05:20:11 UTC,3
34325766,2016-07-25 22:11:03 UTC,2018-05-05 01:02:10 UTC,648
62694918,2017-12-13 16:24:47 UTC,2017-12-14 06:33:27 UTC,0
25631538,2016-01-04 15:10:46 UTC,2016-01-04 15:18:52 UTC,0
36740598,2016-09-19 14:27:15 UTC,2016-09-20 08:02:12 UTC,0
79469,2012-11-15 08:04:40 UTC,2012-11-15 16:12:00 UTC,0
13709234,2011-10-13 06:55:47 UTC,2017-01-26 12:50:30 UTC,1932
28226673,2016-03-03 14:24:18 UTC,2016-03-08 20:36:50 UTC,5
11425071,2014-09-05 10:55:10 UTC,2014-09-12 14:25:39 UTC,7
149020,2012-07-30 16:32:10 UTC,2012-08-03 06:46:20 UTC,3
65775989,2018-01-31 00:10:35 UTC,2018-02-09 23:16:56 UTC,9
18675225,2015-06-04 18:35:29 UTC,2015-07-15 15:55:16 UTC,40
3459308,2013-08-19 14:17:19 UTC,2014-02-06 16:15:14 UTC,171
281924,2011-04-07 23:13:14 UTC,2011-07-28 03:06:28 UTC,111
14556917,2015-01-19 18:02:18 UTC,2015-01-20 14:24:01 UTC,0
28341734,2016-03-06 02:39:17 UTC,2016-03-06 02:45:04 UTC,0
80643388,2018-08-07 02:34:34 UTC,2018-08-09 18:26:51 UTC,2
36875510,2016-09-21 20:08:15 UTC,2016-09-23 13:04:13 UTC,1
42543322,2017-01-17 14:32:35 UTC,2019-04-27 17:19:17 UTC,830
66901425,2018-02-14 23:43:27 UTC,2018-03-20 21:17:51 UTC,33
25105445,2015-12-16 17:13:49 UTC,2015-12-16 17:17:27 UTC,0
12356769,2014-10-22 05:58:58 UTC,2014-10-22 14:01:04 UTC,0
8581865,2014-04-13 07:21:26 UTC,2014-04-14 00:12:42 UTC,0
18335288,2015-05-25 05:19:08 UTC,2015-07-29 03:54:51 UTC,64
73573650,2018-05-10 03:19:55 UTC,2018-05-24 22:09:17 UTC,14
9242176,2014-05-26 19:05:47 UTC,2017-04-12 21:54:28 UTC,1052
88872258,2018-11-06 03:10:41 UTC,2018-11-06 04:37:39 UTC,0
25466229,2015-12-29 01:00:37 UTC,2016-01-11 01:14:47 UTC,13
2941486,2012-03-30 09:36:18 UTC,2013-06-24 07:53:30 UTC,450
17381046,2015-04-22 20:38:06 UTC,2015-04-23 01:45:02 UTC,0
15182980,2015-02-10 19:01:47 UTC,2015-02-10 20:21:11 UTC,0
10203462,2014-07-11 10:05:07 UTC,2014-11-06 19:22:52 UTC,118
56272334,2017-09-11 22:58:12 UTC,2017-09-14 18:07:02 UTC,2
35385825,2016-08-20 21:05:59 UTC,2016-08-22 08:18:28 UTC,1
3437744,2013-08-16 17:41:11 UTC,2013-09-12 05:39:16 UTC,26
74020220,2018-05-15 20:27:05 UTC,2018-05-17 11:18:18 UTC,1
378646,2012-11-06 06:55:05 UTC,2012-11-06 21:25:30 UTC,0
81590115,2018-08-18 10:05:28 UTC,2018-08-19 06:33:17 UTC,0
37447999,2016-10-03 15:59:54 UTC,2017-09-22 18:37:35 UTC,354
34458573,2016-07-29 20:56:28 UTC,2016-08-15 10:20:47 UTC,16
734623,2012-03-23 13:06:05 UTC,2012-04-13 14:43:19 UTC,21
6093331,2013-11-27 11:23:33 UTC,2014-04-23 02:34:17 UTC,146
5605343,2013-10-29 03:17:59 UTC,2014-09-20 16:27:45 UTC,326
17481040,2015-04-26 12:58:38 UTC,2015-10-27 12:42:04 UTC,183
15327801,2015-02-16 03:37:36 UTC,2015-02-17 08:16:42 UTC,1
3211387,2013-07-24 23:33:22 UTC,2013-07-25 05:35:35 UTC,0
8286681,2014-03-28 03:48:54 UTC,2014-03-28 05:24:26 UTC,0
67828254,2018-02-27 11:18:53 UTC,2018-07-06 06:07:46 UTC,128
60326235,2017-11-09 11:04:33 UTC,2017-11-12 13:28:41 UTC,3
72410095,2018-04-25 08:31:33 UTC,2019-03-19 16:27:14 UTC,328
70464275,2018-03-31 22:18:54 UTC,2018-04-23 00:52:30 UTC,22
32568063,2015-08-15 23:43:44 UTC,2015-08-19 18:22:12 UTC,3
9849765,2014-06-26 08:00:15 UTC,2014-06-26 10:45:10 UTC,0
36670389,2016-09-17 17:08:14 UTC,2016-11-03 20:19:31 UTC,47
42064136,2017-01-08 13:54:23 UTC,2017-01-09 06:54:29 UTC,0
36378082,2016-09-11 23:32:41 UTC,2016-09-12 20:54:10 UTC,0
18709094,2015-06-05 18:02:30 UTC,2015-06-09 16:39:20 UTC,3
21374318,2015-09-04 10:40:57 UTC,2017-06-06 09:01:10 UTC,640
10929515,2014-08-14 09:10:51 UTC,2014-11-12 09:21:49 UTC,90
42911898,2017-01-24 13:02:26 UTC,2017-06-12 09:01:50 UTC,138
47240222,2017-04-07 09:42:44 UTC,2017-04-07 10:48:25 UTC,0
33577278,2015-02-21 14:08:51 UTC,2016-06-28 14:16:35 UTC,493
731343,2011-10-04 21:21:12 UTC,2014-07-08 17:25:45 UTC,1007
18905640,2015-06-12 04:03:06 UTC,2016-01-27 16:12:06 UTC,229
8692596,2014-04-18 20:27:40 UTC,2014-04-25 05:10:52 UTC,6
78894993,2018-07-16 12:39:17 UTC,2018-07-16 14:36:58 UTC,0
951717,2012-09-28 06:36:00 UTC,2012-10-23 10:50:52 UTC,25
35078197,2016-08-14 04:28:14 UTC,2016-09-02 13:23:28 UTC,19
38044689,2016-10-14 20:25:59 UTC,2016-11-10 23:43:33 UTC,27
902975,2011-04-27 17:24:16 UTC,2011-05-28 11:14:21 UTC,30
17310398,2015-04-20 22:08:13 UTC,2015-08-05 15:00:26 UTC,106
64186714,2018-01-09 17:02:00 UTC,2018-02-26 15:56:45 UTC,47
5922209,2013-11-18 02:03:54 UTC,2013-11-18 02:11:13 UTC,0
16216223,2014-03-19 05:47:26 UTC,2015-03-14 09:48:13 UTC,360
43840652,2017-02-09 23:25:21 UTC,2017-02-27 01:27:47 UTC,17
27871944,2016-02-24 22:26:17 UTC,2016-02-25 10:28:24 UTC,0
74261619,2018-05-18 14:01:41 UTC,2018-06-12 21:43:34 UTC,25
65149573,2018-01-22 20:32:32 UTC,2018-01-22 20:33:59 UTC,0
88085174,2018-10-29 13:07:20 UTC,2018-10-29 13:13:23 UTC,0
30224434,2016-04-14 20:02:25 UTC,2016-04-15 04:16:39 UTC,0
5390456,2013-10-14 11:09:52 UTC,2014-12-08 08:46:06 UTC,419
82721011,2018-08-31 18:18:48 UTC,2019-04-03 19:05:38 UTC,215
49092234,2017-05-09 18:07:36 UTC,2017-05-09 18:31:54 UTC,0
24046360,2015-11-18 14:17:47 UTC,2015-11-18 17:14:58 UTC,0
23625000,2015-11-07 20:03:06 UTC,2015-11-07 22:57:16 UTC,0
14358091,2015-01-11 23:36:16 UTC,2015-04-05 18:03:20 UTC,83
58814134,2017-10-19 17:56:41 UTC,2017-10-22 19:01:19 UTC,3
21778084,2015-09-16 16:44:41 UTC,2015-09-17 03:08:10 UTC,0
5479376,2013-10-20 06:55:51 UTC,2013-10-22 22:02:09 UTC,2
862281,2012-08-11 20:46:26 UTC,2012-08-12 01:57:29 UTC,0
1006240,2012-06-13 05:51:47 UTC,2012-06-13 05:56:12 UTC,0
21856835,2015-09-18 06:07:50 UTC,2015-09-18 06:42:45 UTC,0
29849812,2016-04-07 00:43:41 UTC,2016-07-08 17:15:10 UTC,92
5095125,2013-09-22 12:13:02 UTC,2014-08-14 21:44:01 UTC,326
6724079,2014-01-08 17:20:30 UTC,2014-01-09 05:25:46 UTC,0
163921,2011-06-25 16:27:20 UTC,2011-07-06 10:23:34 UTC,10
1799781,2013-03-08 16:43:59 UTC,2013-03-13 17:52:38 UTC,5
52470135,2017-07-08 14:32:19 UTC,2017-07-08 14:38:43 UTC,0
166976,2011-05-24 19:36:04 UTC,2011-05-25 16:55:03 UTC,0
11627170,2014-09-16 03:21:14 UTC,2015-04-20 12:35:32 UTC,216
3060173,2013-07-09 02:33:39 UTC,2015-01-09 22:57:39 UTC,549
13216203,2014-11-19 20:23:43 UTC,2015-01-19 12:08:05 UTC,60
49449165,2017-05-15 20:16:06 UTC,2017-05-16 09:47:29 UTC,0
40751791,2016-12-06 10:41:42 UTC,2017-01-31 15:33:29 UTC,56
7057747,2014-01-31 14:10:40 UTC,2014-03-14 19:45:02 UTC,42
126130,2012-10-31 06:26:16 UTC,2012-10-31 14:59:50 UTC,0
54690367,2017-08-15 20:24:12 UTC,2018-02-10 16:21:45 UTC,178
90176795,2018-11-19 16:43:09 UTC,2018-12-13 10:14:11 UTC,23
74068404,2018-05-16 12:50:09 UTC,2018-05-16 13:01:28 UTC,0
27295,2012-10-03 13:08:46 UTC,2012-10-04 01:55:28 UTC,0
43959511,2017-02-12 10:27:32 UTC,2017-07-13 16:45:29 UTC,151
11335047,2014-09-01 14:09:16 UTC,2014-09-02 12:38:23 UTC,0
176094,2011-05-13 21:07:59 UTC,2011-10-18 22:43:44 UTC,158
77929700,2018-07-03 12:46:18 UTC,2018-07-03 20:17:30 UTC,0
5880190,2013-11-14 21:26:29 UTC,2017-04-04 14:27:58 UTC,1236
1748966,2013-03-03 19:21:19 UTC,2013-04-20 11:51:15 UTC,47
25868558,2016-01-10 17:37:29 UTC,2016-01-13 18:34:38 UTC,3
56099044,2017-09-08 14:12:11 UTC,2017-09-12 21:26:17 UTC,4
17652175,2015-05-01 17:26:36 UTC,2015-05-01 17:28:25 UTC,0
3127770,2013-07-15 17:15:01 UTC,2013-07-15 17:27:11 UTC,0
83558224,2018-09-11 12:09:22 UTC,2018-11-20 08:59:20 UTC,69
5768372,2013-11-07 21:04:33 UTC,2014-04-07 17:20:06 UTC,150
31971776,2016-05-18 00:20:52 UTC,2016-05-23 18:10:37 UTC,5
26894221,2016-02-03 13:15:21 UTC,2016-02-08 14:19:41 UTC,5
765765,2012-07-09 07:00:42 UTC,2012-07-15 17:31:46 UTC,6
70339315,2018-03-29 22:11:45 UTC,2018-04-09 08:46:52 UTC,10
15740986,2015-02-28 18:38:22 UTC,2015-11-06 04:32:50 UTC,250
3328017,2012-08-31 14:06:30 UTC,2012-08-31 14:29:42 UTC,0
57079094,2017-09-25 06:02:56 UTC,2018-04-04 13:50:27 UTC,191
8286998,2014-03-28 04:34:57 UTC,2014-03-28 20:40:10 UTC,0
84008824,2018-09-16 22:53:27 UTC,2018-10-01 00:25:32 UTC,14
12706495,2014-11-05 08:44:55 UTC,2014-11-12 00:15:10 UTC,6
70974113,2018-04-07 10:34:59 UTC,2018-04-13 15:30:13 UTC,6
870611,2011-04-26 13:13:48 UTC,2011-06-20 13:58:24 UTC,55
55045245,2017-08-22 02:34:04 UTC,2017-11-15 15:41:15 UTC,85
23090657,2015-10-25 18:40:18 UTC,2015-10-28 02:58:22 UTC,2
727458,2012-02-08 00:44:44 UTC,2012-02-08 21:18:06 UTC,0
728970,2012-11-26 09:12:43 UTC,2012-11-26 14:15:25 UTC,0
761605,2011-11-26 13:11:29 UTC,2012-01-07 16:36:41 UTC,42
20958883,2015-08-21 08:25:49 UTC,2015-09-01 11:30:59 UTC,11
17078472,2015-04-13 14:35:51 UTC,2015-05-21 23:53:36 UTC,38
23293827,2015-10-30 10:10:26 UTC,2015-10-30 21:06:29 UTC,0
57110830,2017-09-25 15:51:19 UTC,2017-09-27 08:49:28 UTC,1
38220337,2016-10-18 09:06:37 UTC,2018-03-14 09:24:13 UTC,512
32776149,2016-06-05 06:36:30 UTC,2016-06-13 21:43:18 UTC,8
42564111,2017-01-17 20:37:38 UTC,2017-01-18 01:06:33 UTC,0
51498989,2017-06-21 15:31:36 UTC,2018-01-23 10:05:34 UTC,215
776138,2012-06-06 22:36:45 UTC,2013-01-27 22:52:00 UTC,235
38575554,2016-10-25 17:21:31 UTC,2016-10-26 08:32:07 UTC,0
61726337,2017-11-29 21:36:15 UTC,2018-01-15 17:25:25 UTC,46
79193768,2018-07-19 14:31:08 UTC,2018-08-30 01:16:12 UTC,41
14128415,2015-01-03 06:06:26 UTC,2015-01-07 20:00:18 UTC,4
740035,2011-09-13 11:19:26 UTC,2012-10-21 20:11:52 UTC,404
14048896,2014-12-29 19:26:52 UTC,2015-03-21 16:10:13 UTC,81
15544518,2015-02-23 10:24:11 UTC,2015-03-17 11:18:52 UTC,22
16762321,2015-04-02 16:48:56 UTC,2015-04-07 02:03:59 UTC,4
99555573,2019-02-25 10:25:36 UTC,2019-02-27 04:02:01 UTC,1
35277310,2016-08-18 10:52:16 UTC,2016-09-06 12:28:03 UTC,19
45507853,2017-03-10 03:51:26 UTC,2017-03-10 09:20:37 UTC,0
27617979,2016-02-19 14:56:56 UTC,2016-02-19 16:37:14 UTC,0
45152451,2017-03-04 06:51:21 UTC,2017-03-04 11:55:26 UTC,0
76949271,2018-06-21 04:24:41 UTC,2019-01-23 20:23:50 UTC,216
79257816,2018-07-20 08:18:23 UTC,2018-07-23 13:33:32 UTC,3
72409913,2018-04-25 08:28:49 UTC,2018-04-27 18:22:11 UTC,2
104972832,2019-04-16 09:28:33 UTC,2019-04-16 14:57:39 UTC,0
10239476,2014-07-13 19:10:56 UTC,2014-08-26 21:16:30 UTC,44
731297,2011-10-23 12:24:38 UTC,2014-07-09 19:17:39 UTC,990
6246187,2013-12-07 19:55:54 UTC,2013-12-15 19:31:50 UTC,7
10200705,2014-07-11 00:49:37 UTC,2014-07-25 22:26:22 UTC,14
13661795,2014-12-09 23:23:32 UTC,2015-01-07 08:20:39 UTC,28
11158133,2014-08-23 17:46:20 UTC,2014-08-28 15:20:24 UTC,4
20276450,2015-07-27 18:09:17 UTC,2019-01-21 14:32:01 UTC,1273
70141963,2018-03-27 18:20:20 UTC,2018-03-28 07:44:52 UTC,0
25849995,2016-01-09 22:21:18 UTC,2016-01-09 22:58:43 UTC,0
22643214,2015-10-13 10:13:29 UTC,2016-07-22 21:07:18 UTC,283
80101270,2018-07-31 08:32:01 UTC,2018-08-14 18:25:51 UTC,14
46228619,2017-03-22 08:36:07 UTC,2017-03-27 10:23:42 UTC,5
133727,2011-05-26 07:05:12 UTC,2011-05-27 14:02:48 UTC,1
37071029,2016-09-26 11:45:21 UTC,2016-09-28 23:27:55 UTC,2
47473370,2017-03-22 21:13:18 UTC,2018-02-16 11:30:50 UTC,330
58999696,2017-10-22 17:50:12 UTC,2017-10-25 13:17:26 UTC,2
281717,2012-06-21 20:05:16 UTC,2012-06-24 20:21:29 UTC,3
79928064,2018-07-28 22:34:57 UTC,2018-08-15 03:13:58 UTC,17
62875319,2017-12-15 21:44:14 UTC,2017-12-15 23:48:33 UTC,0
23717099,2015-07-23 15:47:35 UTC,2016-03-01 13:01:32 UTC,221
49953076,2017-05-25 16:21:04 UTC,2017-05-26 07:16:59 UTC,0
6960066,2014-01-24 02:51:21 UTC,2014-01-24 18:03:18 UTC,0
73352679,2018-05-07 17:23:02 UTC,2018-05-08 23:04:25 UTC,1
76799683,2018-06-19 13:51:31 UTC,2018-06-20 13:55:52 UTC,1
11580874,2014-09-13 10:27:47 UTC,2014-09-15 19:28:19 UTC,2
89155786,2018-11-08 15:25:20 UTC,2018-11-08 18:45:25 UTC,0
12016760,2014-03-17 14:33:46 UTC,2014-10-06 13:25:21 UTC,202
70365815,2018-03-30 08:09:43 UTC,2018-04-10 21:45:03 UTC,11
29816461,2016-04-06 13:41:37 UTC,2016-06-03 17:41:01 UTC,58
12238650,2014-10-17 00:58:06 UTC,2014-10-17 05:47:37 UTC,0
3208163,2013-07-08 13:44:17 UTC,2013-07-24 16:51:22 UTC,16
38107461,2016-10-16 18:52:25 UTC,2016-12-07 13:54:33 UTC,51
22530510,2015-10-08 20:13:11 UTC,2015-10-17 12:36:58 UTC,8
24226265,2015-11-24 13:05:38 UTC,2016-01-13 23:46:21 UTC,50
3270908,2013-07-30 17:38:19 UTC,2013-08-03 11:58:41 UTC,3
57752179,2017-10-04 17:21:08 UTC,2018-11-15 21:41:58 UTC,407
47825255,2017-04-18 06:07:08 UTC,2017-04-20 11:22:45 UTC,2
75503412,2018-06-03 08:12:12 UTC,2018-06-05 14:34:33 UTC,2
60395137,2017-11-10 06:42:58 UTC,2018-01-08 08:49:06 UTC,59
8581865,2014-04-13 07:21:26 UTC,2014-04-13 20:59:58 UTC,0
8986427,2014-05-06 18:17:35 UTC,2014-05-07 12:13:13 UTC,0
2288525,2013-05-14 06:24:24 UTC,2013-05-14 06:25:31 UTC,0
17652175,2015-05-01 17:26:36 UTC,2015-05-04 10:29:08 UTC,2
10221379,2014-07-12 08:36:20 UTC,2015-04-22 20:49:24 UTC,284
21048163,2015-08-24 07:39:36 UTC,2015-08-28 07:12:59 UTC,3
60766758,2017-11-15 17:43:05 UTC,2017-11-15 18:39:45 UTC,0
9316726,2014-05-30 05:19:48 UTC,2014-06-03 09:53:10 UTC,4
49596054,2017-05-17 21:39:14 UTC,2017-06-22 20:32:48 UTC,35
67289962,2018-02-20 14:49:12 UTC,2018-03-05 14:11:45 UTC,12
740098,2011-09-11 07:40:16 UTC,2012-02-15 00:13:00 UTC,156
5043926,2013-09-18 20:01:18 UTC,2013-09-21 14:36:10 UTC,2
742878,2011-05-16 20:04:19 UTC,2012-09-08 15:22:24 UTC,480
9423213,2014-06-04 13:06:52 UTC,2014-06-10 12:24:37 UTC,5
44387742,2017-02-19 23:47:18 UTC,2017-02-20 01:33:06 UTC,0
73444741,2018-05-08 17:32:48 UTC,2018-07-23 09:57:01 UTC,75
32468085,2016-05-29 00:28:16 UTC,2016-05-29 02:05:43 UTC,0
35062192,2016-08-13 15:33:03 UTC,2019-01-03 21:56:11 UTC,873
64080671,2018-01-08 11:26:27 UTC,2018-01-11 15:18:01 UTC,3
38552147,2016-10-25 09:48:56 UTC,2016-10-25 14:35:53 UTC,0
13146787,2014-11-19 08:55:47 UTC,2014-11-19 09:04:51 UTC,0
51498989,2017-06-21 15:31:36 UTC,2018-01-16 10:46:04 UTC,208
9664147,2014-06-17 08:03:17 UTC,2015-03-18 22:26:24 UTC,274
66613263,2018-02-11 11:44:17 UTC,2018-03-09 15:36:08 UTC,26
54261531,2017-08-08 13:55:49 UTC,2017-08-18 03:19:40 UTC,9
51613745,2013-12-04 01:06:15 UTC,2017-11-27 07:44:35 UTC,1454
61770983,2017-11-30 12:14:56 UTC,2017-12-04 17:48:37 UTC,4
36014068,2016-09-03 11:11:22 UTC,2016-09-06 08:11:14 UTC,2
37023408,2016-09-25 00:57:17 UTC,2016-11-11 19:31:13 UTC,47
44977057,2017-03-01 16:01:02 UTC,2017-05-04 14:27:59 UTC,63
10072819,2014-07-07 10:38:07 UTC,2014-07-16 14:38:29 UTC,9
16699452,2015-03-31 20:00:15 UTC,2015-03-31 20:57:32 UTC,0
28530551,2016-03-09 21:55:04 UTC,2016-04-20 16:54:07 UTC,41
10287663,2014-07-16 04:22:36 UTC,2014-07-18 20:23:25 UTC,2
68795594,2018-03-10 20:54:55 UTC,2018-03-10 22:18:54 UTC,0
1047962,2011-08-17 17:12:19 UTC,2011-08-17 20:53:43 UTC,0
84739420,2018-09-25 08:05:30 UTC,2019-01-25 00:29:03 UTC,121
12572345,2014-10-30 15:38:29 UTC,2014-12-09 10:36:19 UTC,39
21415172,2015-09-05 19:57:47 UTC,2015-09-08 11:20:09 UTC,2
10103219,2013-07-02 19:22:00 UTC,2013-07-02 21:54:13 UTC,0
83365996,2018-09-09 00:40:07 UTC,2018-10-27 19:58:16 UTC,48
42362929,2017-01-13 16:53:50 UTC,2017-03-15 00:32:15 UTC,60
66305681,2018-02-07 17:20:54 UTC,2018-03-19 04:01:45 UTC,39
6371816,2013-04-08 10:40:03 UTC,2013-04-10 15:43:23 UTC,2
19317217,2015-06-25 14:17:48 UTC,2015-06-25 20:04:32 UTC,0
88508664,2018-11-01 20:05:29 UTC,2018-11-01 22:06:00 UTC,0
14415457,2015-01-14 15:45:39 UTC,2015-01-14 22:18:08 UTC,0
6583602,2013-12-29 03:58:30 UTC,2014-02-05 05:55:16 UTC,38
46281667,2017-03-22 20:31:11 UTC,2017-03-23 14:32:44 UTC,0
52669967,2017-07-12 02:00:05 UTC,2017-07-13 01:54:14 UTC,0
59153092,2017-10-24 15:33:48 UTC,2017-10-24 23:45:10 UTC,0
49400317,2017-05-15 04:07:28 UTC,2017-05-17 22:06:29 UTC,2
42931475,2017-01-24 19:32:46 UTC,2017-03-24 14:20:32 UTC,58
11517963,2014-09-10 11:53:28 UTC,2014-09-14 03:18:07 UTC,3
49953380,2017-05-24 10:50:23 UTC,2017-05-24 12:55:11 UTC,0
67367,2012-11-13 22:55:01 UTC,2012-11-14 10:18:02 UTC,0
49643955,2017-05-18 15:37:04 UTC,2017-05-19 08:50:39 UTC,0
175819,2011-08-15 23:35:54 UTC,2011-08-16 00:01:43 UTC,0
21156709,2015-08-26 01:59:15 UTC,2015-12-15 15:46:33 UTC,111
33882045,2016-07-12 10:14:51 UTC,2016-07-18 22:19:08 UTC,6
49953380,2017-05-24 10:50:23 UTC,2017-05-25 16:25:26 UTC,1
28636507,2016-03-11 22:20:45 UTC,2016-03-12 08:47:49 UTC,0
67865409,2018-02-27 19:28:17 UTC,2018-07-10 05:42:00 UTC,132
84904184,2018-09-26 17:56:31 UTC,2018-09-26 18:04:34 UTC,0
11572172,2014-09-12 18:56:21 UTC,2014-09-12 20:47:24 UTC,0
37703269,2016-10-08 07:15:54 UTC,2017-07-26 08:35:56 UTC,291
68424952,2018-03-06 14:38:56 UTC,2018-04-12 08:25:28 UTC,36
20356455,2015-07-30 11:54:34 UTC,2015-07-30 16:38:57 UTC,0
64253068,2018-01-10 13:50:22 UTC,2018-11-13 23:13:01 UTC,307
431514,2012-11-01 15:48:50 UTC,2012-11-01 18:34:44 UTC,0
21837971,2015-09-18 12:37:56 UTC,2015-10-24 18:54:15 UTC,36
46604027,2017-03-28 13:59:41 UTC,2017-04-03 01:52:30 UTC,5
13756143,2014-12-15 15:01:19 UTC,2015-01-22 22:14:07 UTC,38
11632036,2014-09-16 08:15:47 UTC,2014-09-17 16:29:56 UTC,1
28861098,2016-03-17 02:49:46 UTC,2016-03-18 09:47:53 UTC,1
2453971,2013-06-04 05:33:14 UTC,2013-06-04 13:55:42 UTC,0
2269158,2013-05-07 14:15:42 UTC,2013-05-25 11:04:26 UTC,17
17042176,2015-04-12 03:56:08 UTC,2015-10-27 19:35:51 UTC,198
22731376,2015-10-15 11:17:22 UTC,2015-10-27 11:58:47 UTC,12
62988839,2017-12-18 11:06:31 UTC,2017-12-21 15:46:08 UTC,3
737952,2011-12-22 06:22:53 UTC,2011-12-22 14:00:32 UTC,0
762291,2012-12-05 15:33:09 UTC,2012-12-05 17:36:38 UTC,0
310724,2011-06-17 11:25:25 UTC,2011-06-19 10:03:29 UTC,1
30909240,2016-04-28 17:28:41 UTC,2016-05-30 21:55:21 UTC,32
33167005,2016-06-14 21:52:45 UTC,2016-06-15 05:06:41 UTC,0
99555573,2019-02-25 10:25:36 UTC,2019-02-25 10:29:22 UTC,0
54295140,2017-08-08 23:26:54 UTC,2017-08-09 11:19:29 UTC,0
7938799,2014-03-10 23:08:52 UTC,2014-06-17 12:55:29 UTC,98
103540809,2019-02-18 10:02:17 UTC,2019-04-08 15:36:53 UTC,49
83371399,2018-09-09 04:34:29 UTC,2018-09-14 22:42:36 UTC,5
18417885,2015-05-27 18:09:31 UTC,2015-06-05 19:43:21 UTC,9
67857397,2018-02-27 17:47:12 UTC,2018-02-28 16:07:48 UTC,0
5141515,2013-09-25 06:27:34 UTC,2013-10-08 20:41:18 UTC,13
32580881,2016-06-01 04:51:09 UTC,2016-06-01 05:08:00 UTC,0
43723410,2017-02-08 23:42:22 UTC,2017-02-16 15:44:45 UTC,7
20654814,2015-08-11 19:38:01 UTC,2015-08-17 21:55:21 UTC,6
717327,2012-07-19 19:35:46 UTC,2012-07-21 00:20:37 UTC,1
765765,2012-07-09 07:00:42 UTC,2012-07-10 15:05:10 UTC,1
99271552,2019-02-20 15:12:26 UTC,2019-02-22 07:09:44 UTC,1
9776068,2014-06-23 07:58:47 UTC,2014-06-23 08:09:20 UTC,0
938708,2011-10-14 01:01:54 UTC,2011-10-14 13:38:34 UTC,0
27610189,2016-02-19 11:27:58 UTC,2016-02-19 14:29:59 UTC,0
14202706,2015-01-06 16:28:06 UTC,2015-04-10 17:17:46 UTC,94
6296419,2013-12-11 08:02:46 UTC,2013-12-15 18:44:18 UTC,4
5973912,2013-11-20 10:20:19 UTC,2013-12-15 04:43:50 UTC,24
5831798,2013-11-12 09:12:16 UTC,2013-11-19 12:10:03 UTC,7
104059045,2019-04-08 13:46:52 UTC,2019-04-08 13:59:56 UTC,0
50418542,2017-06-02 13:55:40 UTC,2017-06-07 00:40:24 UTC,4
35575054,2016-08-24 21:22:23 UTC,2016-09-13 21:46:08 UTC,20
9906389,2014-06-29 04:28:06 UTC,2014-06-30 05:24:50 UTC,1
39328176,2016-11-08 23:33:30 UTC,2016-11-10 22:28:51 UTC,1
22104,2010-08-30 23:24:40 UTC,2016-08-29 17:28:18 UTC,2190
888195,2012-11-06 13:57:55 UTC,2012-11-12 01:47:14 UTC,5
45019634,2017-03-02 06:26:13 UTC,2017-03-05 06:43:23 UTC,3
6702013,2014-01-07 14:36:37 UTC,2014-01-07 15:48:05 UTC,0
75295864,2018-05-31 15:45:39 UTC,2018-10-25 21:04:38 UTC,147
51692431,2015-06-15 06:37:22 UTC,2017-06-24 20:40:10 UTC,740
60515651,2017-11-12 10:00:25 UTC,2017-11-23 13:17:12 UTC,11
36503375,2016-08-12 10:04:53 UTC,2016-09-14 10:02:49 UTC,32
44977057,2017-03-01 16:01:02 UTC,2017-05-03 15:31:30 UTC,62
18926327,2015-06-12 16:33:53 UTC,2015-06-12 20:41:54 UTC,0
6696408,2014-01-07 08:40:01 UTC,2014-01-07 14:10:12 UTC,0
13223206,2014-11-20 01:32:40 UTC,2014-12-30 21:54:36 UTC,40
10515606,2014-07-26 02:56:39 UTC,2014-08-16 12:42:58 UTC,21
28438434,2016-03-08 10:31:21 UTC,2016-03-08 11:30:19 UTC,0
96590236,2019-01-29 11:30:55 UTC,2019-01-30 16:18:23 UTC,1
27272579,2016-02-11 22:28:17 UTC,2016-07-14 17:03:15 UTC,153
29639531,2016-04-03 06:11:13 UTC,2016-07-25 22:51:16 UTC,113
52806203,2017-07-13 23:14:35 UTC,2017-07-14 08:54:29 UTC,0
191942,2012-05-14 14:48:08 UTC,2013-02-26 22:12:35 UTC,288
90857305,2018-11-27 08:34:10 UTC,2018-12-12 00:01:51 UTC,14
53022061,2017-07-18 07:08:24 UTC,2017-07-18 07:09:54 UTC,0
66091918,2018-02-04 22:52:07 UTC,2018-04-01 00:59:56 UTC,55
46326493,2017-03-24 10:55:38 UTC,2017-03-27 11:13:06 UTC,3
31715298,2016-05-12 08:42:32 UTC,2016-05-12 13:04:36 UTC,0
7342503,2012-09-15 17:16:48 UTC,2012-09-19 16:06:37 UTC,3
36381361,2016-09-12 02:22:23 UTC,2016-09-22 16:32:03 UTC,10
45788357,2017-03-15 00:38:48 UTC,2017-03-17 07:50:27 UTC,2
42658668,2017-01-19 08:54:19 UTC,2017-07-08 05:00:12 UTC,169
17137712,2015-04-15 03:23:47 UTC,2015-04-15 16:12:26 UTC,0
7754460,2014-02-28 11:46:31 UTC,2015-01-10 18:06:24 UTC,316
3316883,2013-08-05 15:56:04 UTC,2014-02-05 21:33:43 UTC,184
21828464,2015-09-17 07:39:13 UTC,2015-12-21 09:39:38 UTC,95
28492843,2016-03-09 08:30:05 UTC,2016-03-11 16:11:01 UTC,2
27353945,2016-02-14 00:31:37 UTC,2017-05-28 21:02:52 UTC,469
17328550,2014-04-09 21:51:44 UTC,2015-05-13 15:38:52 UTC,398
37703269,2016-10-08 07:15:54 UTC,2016-10-17 14:48:54 UTC,9
33106357,2016-06-13 10:22:45 UTC,2016-07-28 15:30:46 UTC,45
47474924,2017-04-11 15:57:07 UTC,2019-02-07 19:46:43 UTC,667
1103062,2012-12-09 04:40:15 UTC,2013-08-04 17:33:23 UTC,238
19561487,2015-08-05 11:07:40 UTC,2015-10-17 12:32:20 UTC,73
46584494,2017-03-28 07:59:53 UTC,2017-04-09 01:54:44 UTC,11
15837933,2015-03-03 11:58:42 UTC,2015-05-11 15:19:39 UTC,69
59308736,2017-10-26 10:20:07 UTC,2017-10-31 18:48:39 UTC,5
89006281,2018-11-07 08:27:30 UTC,2018-11-07 08:33:07 UTC,0
56262028,2017-09-11 19:42:50 UTC,2017-09-15 02:28:28 UTC,3
26010046,2016-01-13 20:12:15 UTC,2016-01-14 13:57:55 UTC,0
34555271,2016-08-02 06:09:22 UTC,2016-08-05 15:10:16 UTC,3
54760757,2017-08-16 19:52:29 UTC,2017-08-21 16:14:40 UTC,4
53441320,2017-07-25 12:38:35 UTC,2017-07-25 19:12:22 UTC,0
50452678,2017-06-03 01:07:50 UTC,2017-06-05 23:56:34 UTC,2
18165215,2015-05-19 11:17:47 UTC,2015-05-25 18:43:28 UTC,6
5049240,2013-09-19 06:08:10 UTC,2013-09-19 10:30:14 UTC,0
78453471,2018-07-10 13:37:55 UTC,2018-07-17 15:41:56 UTC,7
914916,2012-03-07 10:51:56 UTC,2012-03-14 09:27:20 UTC,6
80022333,2018-07-30 12:40:03 UTC,2019-03-28 03:49:23 UTC,240
730844,2012-02-06 17:54:35 UTC,2012-02-08 02:07:37 UTC,1
74377283,2018-05-20 15:42:03 UTC,2019-01-03 21:56:09 UTC,228
862614,2012-05-11 05:27:51 UTC,2012-05-11 12:30:58 UTC,0
67845897,2018-02-27 15:31:33 UTC,2018-02-27 21:32:00 UTC,0
49058099,2017-05-09 07:55:33 UTC,2017-08-02 15:16:43 UTC,85
35083071,2016-08-14 09:53:38 UTC,2016-08-20 10:09:08 UTC,6
10209121,2014-07-11 14:30:47 UTC,2015-02-23 18:18:10 UTC,227
44575251,2017-02-22 19:08:42 UTC,2017-02-22 20:03:01 UTC,0
90485542,2018-11-22 12:52:15 UTC,2018-11-25 21:59:46 UTC,3
72063337,2018-04-20 15:28:19 UTC,2018-05-02 10:20:26 UTC,11
35581140,2016-08-25 00:20:35 UTC,2016-08-26 23:10:38 UTC,1
10305827,2014-07-16 21:32:42 UTC,2014-07-16 21:35:42 UTC,0
48223407,2017-03-22 20:54:41 UTC,2017-04-24 23:14:32 UTC,33
21535384,2015-09-10 10:16:22 UTC,2015-11-20 11:45:35 UTC,71
7490395,2014-02-13 20:51:07 UTC,2014-05-23 12:26:24 UTC,98
107951890,2019-05-15 20:42:11 UTC,2019-05-16 22:24:38 UTC,1
51867679,2017-06-28 00:00:52 UTC,2017-11-14 10:22:43 UTC,139
18129955,2015-05-18 12:18:48 UTC,2015-05-19 01:42:42 UTC,0
23303838,2015-10-30 14:37:48 UTC,2015-12-01 22:01:46 UTC,32
10959145,2014-08-15 11:33:12 UTC,2014-08-18 10:14:10 UTC,2
33612198,2016-06-29 14:03:22 UTC,2016-06-30 15:30:41 UTC,1
5330937,2013-10-09 16:04:23 UTC,2013-11-06 13:04:02 UTC,27
37402438,2016-10-02 18:26:11 UTC,2017-01-14 02:01:50 UTC,103
33302167,2016-06-19 10:52:34 UTC,2016-06-30 07:40:15 UTC,10
6093285,2013-11-27 11:19:13 UTC,2013-11-27 12:51:54 UTC,0
13485450,2014-11-27 19:42:27 UTC,2015-01-03 10:46:23 UTC,36
880327,2012-09-06 19:45:55 UTC,2012-12-14 18:50:39 UTC,98
45097283,2017-03-03 09:57:39 UTC,2017-03-03 10:45:50 UTC,0
19482582,2015-06-30 21:38:04 UTC,2015-07-01 01:54:32 UTC,0
65950919,2018-02-02 00:54:16 UTC,2018-02-02 15:34:34 UTC,0
65372797,2018-01-25 12:33:50 UTC,2018-01-29 09:07:40 UTC,3
99842253,2019-02-27 11:06:01 UTC,2019-03-05 15:57:12 UTC,6
39739953,2016-11-16 22:29:00 UTC,2016-11-17 11:30:03 UTC,0
6299332,2013-12-11 14:04:30 UTC,2014-01-22 00:58:00 UTC,41
19931685,2015-07-15 06:41:06 UTC,2015-08-19 08:53:29 UTC,35
83752299,2018-09-13 09:54:10 UTC,2018-09-24 11:29:38 UTC,11
28636507,2016-03-11 22:20:45 UTC,2016-03-13 19:38:23 UTC,1
19870240,2015-07-13 07:53:23 UTC,2015-08-05 09:43:23 UTC,23
31601488,2016-05-10 20:52:28 UTC,2016-05-17 16:58:31 UTC,6
22234924,2015-09-30 20:06:30 UTC,2016-03-13 22:22:19 UTC,165
32250076,2016-05-24 09:44:11 UTC,2016-11-27 14:02:11 UTC,187
96315948,2019-01-26 04:48:00 UTC,2019-01-26 04:57:25 UTC,0
7907,2012-07-12 09:59:22 UTC,2012-07-12 11:09:07 UTC,0
81442013,2018-08-16 13:53:40 UTC,2018-10-30 15:19:11 UTC,75
72662772,2018-04-28 07:31:18 UTC,2018-05-07 13:00:20 UTC,9
29613302,2016-04-02 13:08:45 UTC,2016-05-14 09:08:13 UTC,41
74537992,2018-05-22 14:34:17 UTC,2018-05-22 20:58:21 UTC,0
29072493,2016-03-22 04:24:22 UTC,2016-05-22 05:36:16 UTC,61
57178934,2017-09-26 14:02:27 UTC,2017-11-02 20:09:27 UTC,37
19433105,2015-06-29 16:26:53 UTC,2015-11-05 17:03:23 UTC,129
18446547,2015-05-28 14:16:30 UTC,2016-01-12 17:21:51 UTC,229
74611949,2018-05-23 10:14:03 UTC,2018-05-23 10:41:08 UTC,0
17160014,2015-04-15 17:01:07 UTC,2015-04-25 13:48:23 UTC,9
11645660,2014-09-16 20:46:41 UTC,2014-09-17 12:02:59 UTC,0
4883823,2013-09-04 11:43:59 UTC,2019-05-06 15:27:07 UTC,2070
38810988,2016-10-30 01:22:07 UTC,2017-02-11 06:20:39 UTC,104
44249521,2017-02-17 01:08:21 UTC,2017-02-17 07:29:07 UTC,0
85104043,2018-09-28 16:18:48 UTC,2018-10-01 09:17:32 UTC,2
50603412,2017-06-06 07:26:27 UTC,2017-09-12 08:10:25 UTC,98
26323587,2016-01-21 11:08:21 UTC,2016-01-27 17:46:36 UTC,6
74264384,2018-05-18 14:34:01 UTC,2018-11-19 00:44:46 UTC,184
1609720,2013-02-19 05:03:59 UTC,2013-05-26 18:52:00 UTC,96
394404,2011-11-15 19:15:11 UTC,2011-11-21 09:56:13 UTC,5
32312557,2016-05-25 12:52:04 UTC,2016-05-25 15:00:57 UTC,0
12594432,2014-10-31 12:03:49 UTC,2014-10-31 12:41:04 UTC,0
50202113,2017-05-30 12:47:36 UTC,2017-05-31 11:07:28 UTC,0
48548019,2017-04-30 08:44:42 UTC,2017-06-13 00:16:11 UTC,43
5896035,2013-11-15 19:22:06 UTC,2015-03-01 00:29:45 UTC,470
18112456,2015-05-17 23:47:32 UTC,2015-05-18 13:02:58 UTC,0
15025743,2015-02-05 00:43:21 UTC,2015-02-28 21:04:45 UTC,23
11891090,2014-09-30 09:18:59 UTC,2014-10-02 15:15:10 UTC,2
11715228,2014-09-19 08:25:33 UTC,2014-09-19 08:33:12 UTC,0
67220470,2018-02-19 18:23:45 UTC,2018-02-20 17:50:52 UTC,0
15826812,2015-03-03 02:44:07 UTC,2015-03-03 04:36:41 UTC,0
50583958,2017-06-05 21:58:57 UTC,2017-06-05 22:22:36 UTC,0
37125035,2016-09-27 09:41:16 UTC,2016-10-25 05:18:33 UTC,27
80446400,2018-08-03 23:10:28 UTC,2018-09-07 22:15:09 UTC,34
42494092,2017-01-16 18:15:37 UTC,2017-02-21 23:12:18 UTC,36
28133933,2016-03-01 20:52:54 UTC,2016-06-14 15:02:39 UTC,104
13113923,2014-11-18 14:50:38 UTC,2014-11-24 21:44:36 UTC,6
3538000,2013-08-26 23:30:16 UTC,2014-06-11 21:34:09 UTC,288
41283075,2016-12-20 01:00:52 UTC,2017-01-06 09:45:16 UTC,17
66808609,2018-02-13 22:20:35 UTC,2018-09-10 12:02:30 UTC,208
18450744,2015-05-28 16:28:54 UTC,2015-06-01 20:51:45 UTC,4
50148560,2017-05-29 13:59:53 UTC,2017-06-14 16:24:39 UTC,16
52174927,2017-07-03 15:02:38 UTC,2017-11-18 23:33:19 UTC,138
15665306,2015-02-26 11:34:41 UTC,2015-02-26 12:56:51 UTC,0
8692596,2014-04-18 20:27:40 UTC,2014-04-25 05:10:52 UTC,6
739583,2011-10-01 22:57:37 UTC,2011-11-20 13:25:59 UTC,49
5753683,2013-11-07 02:23:07 UTC,2016-04-04 16:20:16 UTC,879
106893476,2019-05-05 14:11:26 UTC,2019-05-08 22:02:13 UTC,3
58360962,2017-10-13 12:04:36 UTC,2017-10-13 14:29:40 UTC,0
78823280,2018-07-15 09:12:47 UTC,2018-07-16 06:16:17 UTC,0
45892154,2017-03-16 12:26:09 UTC,2017-04-18 07:54:41 UTC,32
16144343,2015-03-13 08:22:25 UTC,2015-03-17 09:28:44 UTC,4
7926612,2014-03-10 09:01:42 UTC,2015-03-19 20:09:05 UTC,374
10120705,2013-03-26 14:51:21 UTC,2013-04-18 19:02:51 UTC,23
62521733,2017-12-11 14:13:38 UTC,2017-12-12 19:35:33 UTC,1
87036718,2018-10-18 13:21:35 UTC,2018-10-18 19:03:07 UTC,0
9231532,2014-05-26 08:19:42 UTC,2014-06-04 13:57:41 UTC,9
11026916,2014-08-18 19:04:22 UTC,2014-08-28 09:23:30 UTC,9
51538604,2017-06-22 06:40:19 UTC,2017-06-22 18:17:19 UTC,0
6407069,2011-07-17 21:39:38 UTC,2011-07-17 22:00:56 UTC,0
53138127,2017-07-19 20:54:53 UTC,2017-12-08 05:12:32 UTC,141
44213553,2017-02-16 14:24:42 UTC,2017-03-02 08:10:35 UTC,13
1413899,2013-01-31 13:52:56 UTC,2013-02-09 17:32:05 UTC,9
10188367,2014-07-10 13:08:34 UTC,2014-07-10 14:34:50 UTC,0
43537306,2017-02-05 21:44:35 UTC,2017-02-26 14:16:40 UTC,20
5697391,2013-11-04 09:10:41 UTC,2013-11-04 09:20:53 UTC,0
10570607,2014-07-29 11:36:13 UTC,2014-07-29 13:50:15 UTC,0
772234,2012-09-21 13:40:33 UTC,2012-09-21 14:58:36 UTC,0
79341807,2018-07-21 11:41:27 UTC,2018-07-21 21:10:05 UTC,0
24347725,2015-11-22 23:28:12 UTC,2015-12-02 08:47:27 UTC,9
62458307,2017-12-10 13:35:31 UTC,2017-12-10 16:10:38 UTC,0
24818444,2015-12-09 14:42:12 UTC,2015-12-09 14:48:30 UTC,0
33752118,2016-07-04 03:57:45 UTC,2016-07-06 07:35:57 UTC,2
27321056,2016-02-12 22:15:05 UTC,2016-02-22 12:44:50 UTC,9
10498164,2014-07-25 03:52:24 UTC,2014-07-25 19:36:34 UTC,0
180679,2012-04-18 18:41:53 UTC,2012-05-10 13:16:07 UTC,21
7430697,2011-10-23 11:48:13 UTC,2011-10-30 20:04:50 UTC,7
31370526,2016-05-04 16:19:03 UTC,2016-05-09 19:24:32 UTC,5
39785704,2016-11-17 16:52:46 UTC,2016-11-21 08:51:17 UTC,3
6892337,2014-01-20 16:34:21 UTC,2014-02-11 10:25:29 UTC,21
31670565,2016-05-11 17:40:35 UTC,2016-05-11 22:17:17 UTC,0
77388757,2018-06-26 14:54:17 UTC,2018-06-27 10:47:07 UTC,0
132461,2011-07-07 00:13:34 UTC,2011-07-08 22:44:54 UTC,1
77262109,2015-07-10 15:46:27 UTC,2018-06-26 07:04:04 UTC,1081
27796840,2016-02-23 15:54:24 UTC,2016-03-01 00:03:07 UTC,6
42960698,2017-01-25 01:01:50 UTC,2017-01-25 06:40:27 UTC,0
281924,2011-04-07 23:13:14 UTC,2011-08-03 03:30:41 UTC,117
38387579,2016-10-21 15:20:14 UTC,2017-03-27 20:40:40 UTC,157
83209159,2018-09-06 20:11:15 UTC,2018-12-12 21:46:18 UTC,97
1493386,2013-02-09 09:29:48 UTC,2013-03-17 19:14:11 UTC,36
133727,2011-05-26 07:05:12 UTC,2011-05-26 21:12:49 UTC,0
66508663,2018-02-09 15:40:42 UTC,2018-02-20 04:27:43 UTC,10
8390272,2014-04-03 04:24:18 UTC,2014-04-06 00:06:45 UTC,2
12204292,2014-10-15 11:18:59 UTC,2014-10-15 12:56:17 UTC,0
21047190,2015-08-24 07:00:27 UTC,2015-10-14 11:25:09 UTC,51
59841017,2017-11-02 15:55:41 UTC,2017-11-02 17:22:29 UTC,0
20238801,2003-01-28 13:18:48 UTC,2015-07-25 22:55:06 UTC,4561
11957174,2014-10-03 10:06:41 UTC,2014-10-03 22:50:27 UTC,0
51684404,2017-06-24 16:25:18 UTC,2017-09-11 19:20:39 UTC,79
81109800,2018-08-13 03:28:12 UTC,2018-08-21 16:50:15 UTC,8
968687,2012-07-22 10:41:43 UTC,2013-01-29 19:19:35 UTC,191
35016730,2016-08-12 09:26:31 UTC,2016-08-12 14:29:05 UTC,0
66884056,2018-02-14 19:28:14 UTC,2018-02-19 06:26:44 UTC,4
17940060,2015-05-12 05:49:30 UTC,2015-05-13 09:34:09 UTC,1
46100897,2017-03-20 10:28:07 UTC,2019-02-07 16:49:33 UTC,689
12018839,2014-10-06 14:43:53 UTC,2017-04-04 15:37:45 UTC,911
43593088,2017-02-04 13:09:09 UTC,2017-02-07 16:48:34 UTC,3
554298,2011-06-23 08:26:41 UTC,2011-06-23 09:48:57 UTC,0
1884546,2013-03-14 19:55:36 UTC,2013-03-19 17:13:19 UTC,4
16379879,2015-03-20 20:59:13 UTC,2015-06-09 13:18:12 UTC,80
4914133,2013-01-15 11:36:17 UTC,2013-01-16 10:30:27 UTC,0
20465929,2015-08-03 12:50:14 UTC,2015-08-20 17:56:57 UTC,17
10125572,2014-05-22 09:55:25 UTC,2015-02-13 04:52:05 UTC,266
98735101,2019-02-18 09:13:12 UTC,2019-02-22 04:36:39 UTC,3
70974113,2018-04-07 10:34:59 UTC,2018-04-07 17:00:21 UTC,0
9230907,2014-05-26 07:38:02 UTC,2014-05-27 00:44:34 UTC,0
914801,2012-04-28 06:17:11 UTC,2012-04-28 07:42:41 UTC,0
74304523,2018-05-19 01:09:53 UTC,2018-07-16 23:03:24 UTC,58
818585,2012-07-21 08:19:13 UTC,2012-08-15 20:02:04 UTC,25
30104085,2016-04-12 07:45:23 UTC,2016-04-18 16:43:15 UTC,6
12901771,2014-07-02 19:56:06 UTC,2014-11-14 06:25:44 UTC,134
42487709,2017-01-16 16:13:35 UTC,2017-01-16 18:19:07 UTC,0
27917640,2016-02-25 19:19:00 UTC,2016-04-04 17:37:56 UTC,38
37748022,2016-10-09 16:35:19 UTC,2016-10-23 16:49:32 UTC,14
44007850,2017-02-13 12:19:29 UTC,2017-02-13 18:42:04 UTC,0
50424603,2017-06-02 15:23:50 UTC,2017-06-13 19:27:44 UTC,11
9841902,2014-06-25 20:26:36 UTC,2014-06-26 02:12:10 UTC,0
704897,2012-02-06 09:43:21 UTC,2012-02-25 16:29:23 UTC,19
51296257,2017-06-18 07:36:40 UTC,2017-06-23 16:38:42 UTC,5
103590998,2019-04-04 03:48:50 UTC,2019-05-15 00:38:25 UTC,40
94206809,2019-01-04 13:01:33 UTC,2019-01-04 13:02:02 UTC,0
35268505,2016-08-18 06:49:14 UTC,2016-08-24 00:26:28 UTC,5
38524362,2016-10-24 21:08:57 UTC,2016-10-25 00:05:07 UTC,0
6392345,2013-01-03 10:30:44 UTC,2013-01-04 04:20:36 UTC,0
13551433,2014-11-27 17:58:52 UTC,2014-12-02 07:53:47 UTC,4
43892576,2017-02-10 18:54:19 UTC,2018-07-30 00:06:24 UTC,534
13851189,2014-12-18 21:14:06 UTC,2015-01-07 19:17:35 UTC,19
5654978,2013-10-31 19:29:14 UTC,2013-12-04 21:06:07 UTC,34
23612634,2015-11-07 09:56:23 UTC,2015-11-12 20:40:58 UTC,5
36015131,2016-09-03 12:16:34 UTC,2016-09-05 14:49:47 UTC,2
10124666,2013-01-23 09:12:39 UTC,2013-02-01 02:33:20 UTC,8
53098210,2017-07-19 09:37:07 UTC,2017-10-03 08:53:24 UTC,75
33569171,2016-06-28 09:40:04 UTC,2016-06-28 21:47:40 UTC,0
42442343,2017-01-15 17:29:51 UTC,2017-01-15 17:31:24 UTC,0
13748615,2014-12-15 09:19:54 UTC,2014-12-19 19:16:28 UTC,4
62412601,2017-12-09 09:41:09 UTC,2017-12-09 22:09:52 UTC,0
23878013,2015-11-14 02:52:18 UTC,2015-11-17 05:01:14 UTC,3
56635923,2017-09-17 22:15:54 UTC,2017-10-12 07:15:13 UTC,24
27226575,2016-02-11 00:11:28 UTC,2016-02-19 19:58:15 UTC,8
915298,2011-11-13 18:08:19 UTC,2011-11-13 18:54:20 UTC,0
48429953,2017-04-27 21:36:52 UTC,2017-04-28 09:32:10 UTC,0
19332455,2015-06-25 23:41:53 UTC,2015-07-07 19:02:30 UTC,11
36726164,2016-09-19 08:33:36 UTC,2017-03-13 06:53:41 UTC,174
81442013,2018-08-16 13:53:40 UTC,2018-10-31 13:55:54 UTC,76
65686498,2018-01-29 23:02:09 UTC,2018-02-13 11:58:27 UTC,14
25680253,2016-01-05 17:50:07 UTC,2016-01-05 18:30:50 UTC,0
25769747,2016-01-07 18:56:19 UTC,2016-01-07 19:18:35 UTC,0
45797224,2017-03-15 04:57:21 UTC,2017-07-08 05:00:17 UTC,115
18423154,2015-05-27 21:19:01 UTC,2015-07-14 10:34:54 UTC,47
6498072,2013-12-22 06:53:21 UTC,2019-04-25 07:52:49 UTC,1950
59435637,2017-10-27 21:22:43 UTC,2017-10-28 14:40:05 UTC,0
46587154,2017-03-28 08:51:33 UTC,2017-03-28 09:23:00 UTC,0
42510672,2017-01-17 01:07:32 UTC,2017-07-08 05:00:12 UTC,172
19820384,2015-07-06 07:58:56 UTC,2015-07-25 20:46:36 UTC,19
77677097,2018-06-29 17:44:32 UTC,2018-09-19 23:17:16 UTC,82
40719711,2016-12-06 10:27:16 UTC,2017-01-31 15:08:15 UTC,56
34807026,2016-08-08 22:32:46 UTC,2016-09-28 14:19:31 UTC,50
80440312,2018-08-03 21:06:35 UTC,2018-08-13 23:18:03 UTC,10
31340855,2016-05-04 03:45:55 UTC,2016-05-04 03:49:52 UTC,0
73166074,2018-05-04 18:18:28 UTC,2018-05-04 19:03:27 UTC,0
11275622,2014-08-28 23:49:44 UTC,2014-08-29 03:27:37 UTC,0
159744,2011-12-25 07:56:05 UTC,2012-01-02 17:18:01 UTC,8
25685142,2016-01-05 20:02:23 UTC,2016-01-07 23:02:28 UTC,2
1747262,2013-03-03 15:42:48 UTC,2013-03-05 02:25:00 UTC,1
398640,2012-03-13 12:26:26 UTC,2013-02-27 18:36:10 UTC,351
162377,2011-09-13 17:20:27 UTC,2011-09-18 05:41:35 UTC,4
15238895,2015-02-12 13:26:46 UTC,2015-07-15 02:19:04 UTC,152
1490289,2013-02-08 20:30:00 UTC,2013-02-19 21:18:56 UTC,11
51103379,2017-06-14 17:18:04 UTC,2017-07-24 15:34:55 UTC,39
28720784,2016-03-14 13:36:35 UTC,2016-03-18 14:48:53 UTC,4
15295968,2015-02-14 11:26:18 UTC,2015-02-16 20:09:08 UTC,2
64163462,2018-01-09 11:15:54 UTC,2018-01-09 12:07:49 UTC,0
43640363,2017-02-07 23:58:24 UTC,2017-02-09 00:48:26 UTC,1
2290806,2013-05-14 09:53:18 UTC,2013-05-14 15:35:20 UTC,0
14432490,2015-01-15 04:44:54 UTC,2015-01-29 18:03:45 UTC,14
74907595,2018-05-26 19:14:49 UTC,2018-06-01 09:23:55 UTC,5
3144628,2013-07-17 05:46:55 UTC,2013-07-18 08:29:14 UTC,1
17771895,2015-05-06 06:47:38 UTC,2015-08-12 22:47:10 UTC,98
3270908,2013-07-30 17:38:19 UTC,2013-08-03 11:58:41 UTC,3
43560019,2017-02-07 09:41:18 UTC,2017-02-10 10:25:36 UTC,3
26603182,2016-01-27 23:33:10 UTC,2016-03-24 05:23:58 UTC,56
70974113,2018-04-07 10:34:59 UTC,2018-04-17 15:39:38 UTC,10
17632671,2015-04-30 23:29:44 UTC,2015-05-01 10:14:38 UTC,0
88135046,2018-10-29 20:21:11 UTC,2018-11-14 19:56:58 UTC,15
77260714,2018-06-25 11:08:06 UTC,2018-11-10 11:58:21 UTC,138
32306254,2016-05-25 10:22:23 UTC,2017-08-12 19:17:47 UTC,444
63653036,2018-01-01 11:29:45 UTC,2018-01-04 14:26:11 UTC,3
20335316,2015-07-29 00:09:08 UTC,2015-08-06 18:06:52 UTC,8
17448067,2015-04-24 19:08:08 UTC,2015-04-24 20:12:05 UTC,0
56457806,2017-09-14 13:52:22 UTC,2017-09-20 13:59:04 UTC,6
18310616,2015-05-23 20:41:52 UTC,2015-05-25 15:26:32 UTC,1
20339569,2015-07-29 20:13:15 UTC,2015-08-18 21:19:41 UTC,20
54368553,2017-08-10 01:01:47 UTC,2017-08-11 08:09:50 UTC,1
18673974,2015-06-04 17:57:40 UTC,2015-06-11 06:46:31 UTC,6
18702674,2015-06-05 14:41:35 UTC,2015-06-09 14:29:38 UTC,3
1920202,2013-03-06 09:51:16 UTC,2013-11-24 01:48:19 UTC,262
41373843,2016-12-21 18:52:47 UTC,2017-01-11 15:09:10 UTC,20
29245230,2016-03-25 11:45:37 UTC,2016-03-28 13:16:44 UTC,3
84816344,2018-09-25 22:56:16 UTC,2018-10-06 23:30:40 UTC,11
9278796,2014-05-28 16:18:14 UTC,2014-05-28 17:14:14 UTC,0
26467553,2016-01-25 10:09:32 UTC,2016-02-02 01:52:28 UTC,7
29457171,2016-03-30 14:02:13 UTC,2016-04-12 01:19:16 UTC,12
14960368,2015-02-03 04:35:18 UTC,2017-08-25 04:43:36 UTC,934
91971819,2018-12-07 19:17:59 UTC,2018-12-07 20:49:36 UTC,0
32610490,2016-06-01 13:10:46 UTC,2016-06-01 21:47:23 UTC,0
77375134,2018-06-26 12:15:58 UTC,2019-04-10 14:16:49 UTC,288
19168427,2015-06-21 04:20:47 UTC,2015-06-24 14:57:41 UTC,3
58528906,2017-10-16 11:36:48 UTC,2017-10-16 13:17:48 UTC,0
10131460,2012-06-15 12:21:56 UTC,2012-07-30 15:25:10 UTC,45
10137325,2013-08-13 17:53:49 UTC,2013-08-13 18:17:11 UTC,0
14148578,2014-09-26 07:09:02 UTC,2015-01-04 13:04:47 UTC,100
10550657,2014-07-28 15:41:40 UTC,2014-07-28 16:43:13 UTC,0
19500483,2015-07-01 11:27:03 UTC,2015-07-02 02:22:51 UTC,0
6127660,2013-01-30 18:34:40 UTC,2013-04-21 03:48:00 UTC,80
94879869,2019-01-11 12:23:36 UTC,2019-01-14 05:10:35 UTC,2
21011862,2015-08-23 19:04:14 UTC,2015-08-24 14:56:38 UTC,0
9765558,2014-06-22 13:31:14 UTC,2014-06-27 04:53:34 UTC,4
33906982,2016-07-12 16:42:51 UTC,2016-09-09 20:17:46 UTC,59
10124660,2013-01-12 22:15:02 UTC,2013-01-13 16:33:33 UTC,0
14082869,2014-12-31 10:06:45 UTC,2014-12-31 16:16:50 UTC,0
35969360,2016-09-02 09:23:38 UTC,2016-09-04 22:08:26 UTC,2
9260341,2014-05-10 01:34:59 UTC,2014-07-18 22:24:58 UTC,69
19245946,2015-06-23 16:37:59 UTC,2015-06-28 19:24:18 UTC,5
79159992,2018-07-19 06:18:32 UTC,2018-08-02 09:01:02 UTC,14
23876075,2015-11-14 00:28:46 UTC,2015-11-14 02:48:33 UTC,0
11144568,2014-08-22 18:14:18 UTC,2014-08-23 11:24:44 UTC,0
10715672,2014-08-05 02:27:16 UTC,2014-08-05 04:23:19 UTC,0
67901073,2018-02-28 05:39:29 UTC,2018-02-28 21:45:17 UTC,0
10122005,2013-04-16 08:02:13 UTC,2013-04-16 10:02:41 UTC,0
19245946,2015-06-23 16:37:59 UTC,2015-06-28 19:24:18 UTC,5
6471743,2013-12-19 23:27:19 UTC,2013-12-19 23:37:36 UTC,0
11248096,2014-08-28 07:16:02 UTC,2014-08-28 07:26:15 UTC,0
6659626,2014-01-04 09:15:20 UTC,2014-08-14 21:44:01 UTC,222
13699116,2014-12-12 10:50:35 UTC,2014-12-15 11:57:02 UTC,3
25493234,2015-09-15 08:39:01 UTC,2015-12-29 21:55:22 UTC,105
33927346,2016-07-09 01:03:32 UTC,2016-07-19 13:50:38 UTC,10
69497542,2018-03-19 21:53:31 UTC,2018-03-21 15:29:32 UTC,1
85215838,2018-09-30 14:05:59 UTC,2019-02-05 17:08:33 UTC,128
28498325,2016-03-09 10:44:33 UTC,2016-03-09 10:56:53 UTC,0
55501340,2017-08-29 18:45:02 UTC,2017-09-08 12:41:01 UTC,9
39600066,2016-11-14 19:26:37 UTC,2016-11-22 02:04:18 UTC,7
34265819,2016-07-23 16:44:31 UTC,2016-07-25 12:05:30 UTC,1
45993526,2017-03-17 21:29:16 UTC,2017-05-15 16:20:09 UTC,58
26906736,2016-02-03 17:31:39 UTC,2016-03-02 07:26:10 UTC,27
10192881,2014-07-10 16:35:26 UTC,2015-04-15 11:40:40 UTC,278
72424394,2018-04-25 11:59:24 UTC,2018-05-11 15:53:13 UTC,16
103744338,2019-04-05 07:17:21 UTC,2019-04-26 20:02:55 UTC,21
19821855,2015-07-11 07:37:23 UTC,2015-07-13 18:36:39 UTC,2
30112401,2016-04-12 22:13:16 UTC,2016-05-18 12:19:01 UTC,35
2024464,2013-04-04 01:44:39 UTC,2013-04-04 04:06:28 UTC,0
10525158,2014-07-26 22:13:53 UTC,2014-09-10 12:37:21 UTC,45
249967,2012-08-29 21:17:16 UTC,2012-08-30 01:20:56 UTC,0
77734848,2018-06-30 18:57:41 UTC,2018-06-30 19:33:46 UTC,0
72073088,2018-04-20 17:37:34 UTC,2018-05-28 15:29:52 UTC,37
52806203,2017-07-13 23:14:35 UTC,2017-07-27 07:05:56 UTC,13
8804398,2014-04-25 23:58:41 UTC,2014-10-23 00:21:47 UTC,180
30065561,2016-04-11 08:53:36 UTC,2016-05-21 00:13:38 UTC,39
42933090,2017-01-24 20:12:22 UTC,2017-02-11 07:54:06 UTC,17
50498021,2017-06-04 07:08:16 UTC,2017-07-28 10:05:57 UTC,54
15089517,2015-02-07 00:26:46 UTC,2015-02-07 00:52:35 UTC,0
15103687,2015-02-07 19:53:35 UTC,2015-02-07 20:15:02 UTC,0
15469413,2015-02-20 10:37:15 UTC,2015-02-20 12:30:25 UTC,0
66619573,2018-02-11 14:48:21 UTC,2018-04-04 08:16:36 UTC,51
70974113,2018-04-07 10:34:59 UTC,2018-04-10 18:27:11 UTC,3
32034840,2016-05-19 05:48:25 UTC,2017-07-23 21:14:57 UTC,430
14192635,2015-01-06 08:42:39 UTC,2015-05-07 13:25:15 UTC,121
35971003,2016-09-02 10:03:37 UTC,2019-02-20 16:50:56 UTC,901
2243089,2013-05-09 18:45:08 UTC,2013-05-15 17:05:12 UTC,5
12322141,2014-10-20 22:05:42 UTC,2019-03-20 15:43:15 UTC,1611
944579,2010-10-30 17:59:10 UTC,2013-08-05 23:32:29 UTC,1010
94775959,2019-01-10 14:41:19 UTC,2019-05-15 23:11:39 UTC,125
22691859,2015-10-14 14:22:50 UTC,2015-11-04 11:25:37 UTC,20
97920776,2019-02-13 10:08:47 UTC,2019-02-13 15:33:33 UTC,0
4853158,2013-08-31 19:57:15 UTC,2013-09-01 12:59:32 UTC,0
40751791,2016-12-06 10:41:42 UTC,2016-12-21 13:52:20 UTC,15
22546500,2015-10-09 13:48:44 UTC,2015-10-09 19:18:54 UTC,0
1103062,2012-12-09 04:40:15 UTC,2013-04-30 00:02:31 UTC,141
12350309,2014-10-21 21:26:36 UTC,2014-10-22 00:38:54 UTC,0
870418,2011-06-20 19:18:42 UTC,2012-07-13 11:17:27 UTC,388
48610212,2017-05-01 18:47:21 UTC,2017-06-28 22:02:33 UTC,58
37561381,2016-10-06 05:06:52 UTC,2016-10-16 16:53:29 UTC,10
68871811,2018-03-12 08:16:28 UTC,2018-04-17 15:47:38 UTC,36
734225,2012-10-03 20:37:17 UTC,2012-10-04 05:01:49 UTC,0
37974960,2016-10-13 22:21:46 UTC,2016-10-22 13:37:39 UTC,8
107936103,2019-05-15 18:28:56 UTC,2019-05-16 18:54:13 UTC,1
65108786,2018-01-22 10:21:44 UTC,2018-01-23 19:20:39 UTC,1
23440108,2015-11-03 13:22:31 UTC,2015-11-04 01:28:16 UTC,0
35037854,2016-08-12 21:28:00 UTC,2016-08-13 23:35:08 UTC,1
74261619,2018-05-18 14:01:41 UTC,2018-05-30 21:59:32 UTC,12
10104694,2013-05-04 19:13:53 UTC,2013-06-07 18:32:16 UTC,33
16379745,2015-03-20 20:54:24 UTC,2015-03-26 22:07:42 UTC,6
45993526,2017-03-17 21:29:16 UTC,2017-05-03 12:20:44 UTC,46
735033,2012-03-03 23:14:08 UTC,2012-03-06 17:18:06 UTC,2
19259142,2015-06-24 00:29:00 UTC,2015-06-25 07:37:17 UTC,1
6575803,2013-12-28 05:46:09 UTC,2013-12-30 11:42:39 UTC,2
16087207,2015-03-11 15:40:21 UTC,2015-06-27 00:43:53 UTC,107
24037534,2015-11-18 10:32:00 UTC,2017-10-09 18:41:59 UTC,691
16245271,2015-03-17 05:26:20 UTC,2015-03-17 12:39:04 UTC,0
35575054,2016-08-24 21:22:23 UTC,2016-09-10 18:47:39 UTC,16
5466615,2013-10-18 20:13:41 UTC,2013-10-20 14:05:03 UTC,1
47070046,2017-04-05 00:55:03 UTC,2017-11-25 13:32:05 UTC,234
75673063,2018-06-05 10:33:27 UTC,2018-06-05 14:18:42 UTC,0
14580455,2015-01-20 13:52:54 UTC,2015-07-02 19:50:11 UTC,163
870611,2011-04-26 13:13:48 UTC,2011-06-20 13:58:24 UTC,55
107781835,2019-05-13 17:50:49 UTC,2019-05-27 09:15:20 UTC,13
26953534,2016-02-04 15:23:22 UTC,2016-02-17 18:49:28 UTC,13
9972069,2014-07-02 11:21:52 UTC,2014-07-03 21:26:52 UTC,1
9849765,2014-06-26 08:00:15 UTC,2014-06-30 16:53:13 UTC,4
48816858,2017-05-04 18:38:09 UTC,2017-05-05 11:37:03 UTC,0
6876277,2014-01-19 16:19:23 UTC,2014-01-19 16:55:08 UTC,0
6126038,2013-03-31 18:09:29 UTC,2013-04-09 12:17:49 UTC,8
47808617,2017-04-17 22:05:55 UTC,2017-05-03 04:06:54 UTC,15
72910598,2018-05-01 22:14:23 UTC,2018-05-02 13:07:34 UTC,0
33549894,2016-06-27 18:52:06 UTC,2016-09-05 15:41:27 UTC,69
85226077,2018-09-30 17:44:02 UTC,2018-10-22 11:22:06 UTC,21
44950250,2017-03-01 07:57:59 UTC,2017-03-12 02:39:13 UTC,10
14262639,2015-01-08 18:42:41 UTC,2015-01-15 15:30:52 UTC,6
97173684,2019-02-04 11:39:14 UTC,2019-02-04 18:24:02 UTC,0
76827120,2018-06-19 19:22:38 UTC,2018-06-19 19:23:31 UTC,0
1322422,2013-01-18 14:22:04 UTC,2013-02-20 11:28:44 UTC,32
25950508,2016-01-12 16:20:06 UTC,2016-05-11 14:37:55 UTC,119
88518795,2018-11-01 21:46:35 UTC,2018-11-01 22:06:03 UTC,0
74038515,2018-05-16 05:17:40 UTC,2018-05-16 12:02:07 UTC,0
88457808,2018-11-01 11:18:32 UTC,2018-11-03 15:01:03 UTC,2
2152535,2012-12-09 15:15:01 UTC,2014-01-24 05:48:13 UTC,410
7764358,2014-02-28 21:23:47 UTC,2014-02-28 21:41:16 UTC,0
76887218,2018-06-20 13:19:29 UTC,2018-06-22 21:40:21 UTC,2
59528531,2017-10-29 19:43:50 UTC,2017-10-30 08:36:47 UTC,0
36394123,2016-09-12 10:08:42 UTC,2016-09-21 23:53:11 UTC,9
7300638,2011-07-14 21:01:44 UTC,2011-07-25 11:31:33 UTC,10
15231389,2015-02-12 08:04:32 UTC,2015-02-16 16:32:09 UTC,4
21332566,2015-09-02 04:07:57 UTC,2015-10-14 11:36:40 UTC,42
49456275,2017-05-15 22:27:51 UTC,2017-11-02 23:55:24 UTC,171
11788554,2014-09-22 08:09:16 UTC,2014-10-25 04:56:31 UTC,32
16957876,2015-04-09 10:31:19 UTC,2015-04-29 09:52:31 UTC,19
40463929,2016-12-01 09:05:50 UTC,2016-12-02 00:24:32 UTC,0
93313333,2018-12-21 08:27:28 UTC,2018-12-21 08:39:08 UTC,0
394219,2012-02-15 08:04:30 UTC,2012-03-02 21:19:59 UTC,16
43295140,2017-01-31 19:10:57 UTC,2017-02-04 05:12:00 UTC,3
31464212,2016-05-06 13:20:55 UTC,2016-08-18 23:22:37 UTC,104
14459871,2015-01-15 15:38:19 UTC,2015-08-01 13:30:59 UTC,197
8225361,2014-03-25 09:55:09 UTC,2014-03-25 18:24:12 UTC,0
34427054,2016-07-28 18:09:26 UTC,2016-07-28 23:41:01 UTC,0
20105274,2015-07-21 17:59:10 UTC,2015-07-21 20:49:51 UTC,0
38292813,2016-10-19 00:52:47 UTC,2016-10-19 03:21:38 UTC,0
76801801,2018-06-19 14:16:15 UTC,2018-07-01 01:31:25 UTC,11
20657341,2015-08-11 21:54:04 UTC,2018-12-14 17:25:07 UTC,1220
3109147,2013-07-14 12:55:35 UTC,2013-07-20 08:38:21 UTC,5
20133652,2015-07-22 14:53:22 UTC,2015-07-30 22:11:18 UTC,8
81049996,2018-08-11 20:12:59 UTC,2018-12-19 21:40:44 UTC,130
83558224,2018-09-11 12:09:22 UTC,2018-11-21 19:24:18 UTC,71
10122005,2013-04-16 08:02:13 UTC,2013-04-16 10:02:41 UTC,0
767686,2012-11-28 19:54:53 UTC,2012-11-29 07:24:42 UTC,0
18191686,2015-05-20 04:38:17 UTC,2015-05-27 15:40:00 UTC,7
60717650,2017-11-15 03:34:38 UTC,2017-11-15 15:08:13 UTC,0
15737222,2015-02-28 15:03:01 UTC,2015-03-01 23:50:12 UTC,1
20935964,2015-08-20 12:38:09 UTC,2015-08-20 13:06:16 UTC,0
47510093,2017-04-12 03:30:31 UTC,2017-04-12 12:12:59 UTC,0
43047177,2017-01-26 17:23:16 UTC,2017-03-06 15:22:46 UTC,38
30951463,2016-04-29 13:40:02 UTC,2016-04-29 15:03:21 UTC,0
48337174,2017-04-26 15:14:26 UTC,2017-05-02 11:20:11 UTC,5
1006647,2012-03-05 21:53:45 UTC,2012-03-26 14:01:53 UTC,20
72985415,2018-05-02 18:04:03 UTC,2018-06-04 17:59:16 UTC,32
39889947,2016-11-19 18:05:35 UTC,2018-04-17 10:50:35 UTC,513
83409345,2018-09-09 23:20:45 UTC,2018-09-18 21:53:05 UTC,8
36404439,2016-09-12 14:25:04 UTC,2016-09-13 10:25:49 UTC,0
23996633,2015-11-17 15:53:15 UTC,2015-11-26 18:09:56 UTC,9
65506899,2018-01-27 00:34:46 UTC,2018-01-31 05:50:16 UTC,4
2476028,2013-06-06 07:01:08 UTC,2014-12-30 08:36:23 UTC,572
39121659,2016-11-04 16:46:41 UTC,2016-11-04 19:12:24 UTC,0
109632750,2019-05-29 13:09:19 UTC,2019-05-29 17:01:34 UTC,0
96080864,2019-01-23 22:24:05 UTC,2019-01-23 23:52:18 UTC,0
30212241,2016-04-14 16:07:56 UTC,2017-01-07 15:19:37 UTC,267
63732432,2018-01-02 21:15:49 UTC,2018-02-01 19:49:59 UTC,29
3317589,2013-08-05 17:24:54 UTC,2013-12-13 16:10:39 UTC,129
91290239,2018-11-30 21:47:54 UTC,2018-12-06 19:48:30 UTC,5
25053338,2015-12-15 14:42:42 UTC,2016-11-03 16:04:35 UTC,324
946943,2012-04-26 17:07:15 UTC,2012-05-10 16:21:43 UTC,13
14204032,2015-01-06 17:11:12 UTC,2015-01-06 18:38:30 UTC,0
